;year;sector;vab;emp;IPC;TCC;index_TCP_1;index_TCP_2;TCP_1;TCP_2;ipi_empalme_04;vab_ipc;vab_ipi;vab_tcp_1;vab_tcc;vab_ipi_index;emp_index;productividad_ipc_level;productividad_ipi_level;productividad_tcp_1_level;productividad_tcc_level;productividad_ipi_index_1
0;1993;Alimentos, bebidas y tabaco;5636.0;110921.0;0.6327443694044567;0.99;1.997278184582081;2.0914715565656103;1.9773054027362602;2.0705568409999544;0.4707418028;8907.230585559602;11972.592972361366;2850.3437011807673;5692.929292929293;1.0160558988619592;1.0523214997248733;0.08030247280099893;0.10793801870125014;0.02569706098196705;0.051324179307158185;0.9655375273883546
1;1993;Combustibles, quimicos y plasticos;5624.0;54652.0;0.6327443694044567;0.99;1.997278184582081;2.0914715565656103;1.9773054027362602;2.0705568409999544;0.4707418028;8888.265580764231;11947.101291085934;2844.274835954691;5680.808080808081;0.7645343637453118;1.1356731708330736;0.1626338575123368;0.21860318544766766;0.052043380589085315;0.10394510870248264;0.6731992824876608
2;1993;Comunicaciones;3651.6;71426.0;0.6327443694044567;0.99;1.997278184582081;2.0914715565656103;1.9773054027362602;2.0705568409999544;0.4707418028;5771.050959231626;7757.118612114046;1846.7556882951899;3688.4848484848485;0.7112050096114326;1.2030655213070574;0.08079762214363993;0.10860357029812738;0.0258555104345083;0.051640646942077796;0.5911606616726508
3;1993;Electricidad, gas y agua;3076.2;54362.0;0.6327443694044567;0.99;1.997278184582081;2.0914715565656103;1.9773054027362602;2.0705568409999544;0.4707418028;4861.67897929355;6534.792494957067;1555.7536007048043;3107.272727272727;0.9098598934292944;1.6837638604968097;0.08943156946568466;0.12020883144396945;0.02861840257357721;0.05715891113779344;0.5403726227743313
4;1993;Maquinarias, equipos y vehiculos;2289.0;47257.0;0.6327443694044567;0.99;1.997278184582081;2.0914715565656103;1.9773054027362602;2.0705568409999544;0.4707418028;3617.5746647171627;4862.538203288709;1157.636041874162;2312.121212121212;1.055332414422198;1.1339412117576484;0.07655108586489119;0.10289561765005627;0.0244966045638564;0.04892653389172423;0.9306764790622576
5;1993;Minas y canteras;2450.6;8703.0;0.6327443694044567;0.99;1.997278184582081;2.0914715565656103;1.9773054027362602;2.0705568409999544;0.4707418028;3872.970062628169;5205.826177797864;1239.3634269186637;2475.3535353535353;0.5507289057144745;0.7302399731498573;0.4450155190886096;0.5981645613923778;0.14240646063640855;0.2844253171726457;0.7541752382287841
6;1993;Resto industria;19579.8;571440.0;0.6327443694044567;0.99;1.997278184582081;2.0914715565656103;1.9773054027362602;2.0705568409999544;0.4707418028;30944.250074368327;41593.5017530591;9902.263946128316;19777.575757575756;0.7963824109147435;1.1031809310164422;0.05415135460305251;0.07278717232440693;0.017328615333417886;0.034610065374450084;0.7218964618804438
7;1993;Total;30523.0;610258.0;0.6327443694044567;0.99;1.997278184582081;2.0914715565656103;1.9773054027362602;2.0705568409999544;0.4707418028;48239.07011409435;64840.21563083499;15436.664441295345;30831.31313131313;0.8073591163356594;1.1144616047671485;0.07904700981239796;0.10625049672570452;0.025295308609301875;0.05052176805762994;0.7244387001599271
8;1993;Total Manufactura;16287.6;293052.0;0.6327443694044567;0.99;1.997278184582081;2.0914715565656103;1.9773054027362602;2.0705568409999544;0.4707418028;25741.20100875809;34599.85899514425;8237.27077135413;16452.121212121212;0.8785421156706121;1.0997436888540302;0.08783833930073191;0.11806730203221356;0.02810856357013134;0.056140620818561936;0.7988607932690958
9;1994;Alimentos, bebidas y tabaco;6025.8;104346.0;0.6591762379277952;1;1.8254204172054214;2.102388879797266;1.8254204172054214;2.102388879797266;0.47903425740000005;9141.409615951681;12579.058609932308;3301.0477713539753;6025.8;1.0675236961831855;0.9899436464717378;0.08760670860360417;0.1205514213283912;0.03163559476505065;0.057748260594560404;1.0783681475081446
10;1994;Combustibles, quimicos y plasticos;6227.9;49449.0;0.6591762379277952;1;1.8254204172054214;2.102388879797266;1.8254204172054214;2.102388879797266;0.47903425740000005;9448.004405586888;13000.949104981482;3411.761992634243;6227.9;0.8319735565880292;1.027554391870831;0.19106563136942886;0.26291631994542825;0.06899557104560745;0.12594592408339905;0.8096637639524709
11;1994;Comunicaciones;4299.3;61535.0;0.6591762379277952;1;1.8254204172054214;2.102388879797266;1.8254204172054214;2.102388879797266;0.47903425740000005;6522.231465010631;8974.93223832221;2355.238256062622;4299.3;0.822859245551531;1.0364662287350515;0.10599222336898725;0.1458508529832162;0.03827477461708982;0.06986755504997157;0.7939084002339221
12;1994;Electricidad, gas y agua;3329.3;43995.0;0.6591762379277952;1;1.8254204172054214;2.102388879797266;1.8254204172054214;2.102388879797266;0.47903425740000005;5050.697838359709;6950.024864756154;1823.8538194378823;3329.3;0.9676740137744076;1.3626649321687418;0.11480163287554743;0.15797306204696338;0.041455934070641715;0.07567450846687124;0.7101334971865104
13;1994;Maquinarias, equipos y vehiculos;2530.5;47084.0;0.6591762379277952;1;1.8254204172054214;2.102388879797266;1.8254204172054214;2.102388879797266;0.47903425740000005;3838.8823115877935;5282.503204957633;1386.255996782375;2530.5;1.1464787788629616;1.1297900419916016;0.08153262916463754;0.11219316975952835;0.02944218836085241;0.05374437176110781;1.0147715382956828
14;1994;Minas y canteras;2797.0;9580.0;0.6591762379277952;1;1.8254204172054214;2.102388879797266;1.8254204172054214;2.102388879797266;0.47903425740000005;4243.174797672815;5838.830849344596;1532.2497621024709;2797.0;0.6176950237074019;0.8038261453263971;0.4429201250180391;0.6094812995140496;0.1599425638937861;0.2919624217118998;0.7684435587207532
15;1994;Resto industria;22315.3;525956.0;0.6591762379277952;1;1.8254204172054214;2.102388879797266;1.8254204172054214;2.102388879797266;0.47903425740000005;33853.313751343645;46583.933518905775;12224.745483105207;22315.3;0.8919332040358876;1.0153727946130546;0.06436529624406537;0.08857002015169667;0.02324290526794106;0.042428073831271056;0.8784292909638097
16;1994;Total;34133.2;563998.0;0.6591762379277952;1;1.8254204172054214;2.102388879797266;1.8254204172054214;2.102388879797266;0.47903425740000005;51781.59957237244;71254.1941890772;18698.815723917072;34133.2;0.8872228862290417;1.0299809525896626;0.09181167233283175;0.12633767174542676;0.03315404615604501;0.06052007276621548;0.8613973724449109
17;1994;Total Manufactura;17944.2;276471.0;0.6591762379277952;1;1.8254204172054214;2.102388879797266;1.8254204172054214;2.102388879797266;0.47903425740000005;27222.158457061327;37459.11638427219;9830.17382235222;17944.2;0.9511429328081565;1.037519748717506;0.09846297968706058;0.13549021917044532;0.035555894912494335;0.06490445652527752;0.9167468223943485
18;1995;Alimentos, bebidas y tabaco;6038.5;102473.0;0.681430677311085;0.99;1.8849043903143219;2.134975496961447;1.8660553464111787;2.1136257419918323;0.5005780207;8861.503012790427;12063.054609461002;3235.970471944104;6099.49494949495;1.0237329392664878;0.9721742595298181;0.08647646709660521;0.11771934665190832;0.031578761936745324;0.05952294701526207;1.0530344012210378
19;1995;Combustibles, quimicos y plasticos;6352.1;49789.0;0.681430677311085;0.99;1.8849043903143219;2.134975496961447;1.8660553464111787;2.1136257419918323;0.5005780207;9321.711234171742;12689.53037753701;3404.0255087912797;6416.262626262626;0.8120448464478732;1.0346196205556595;0.18722431127702388;0.2548661426728195;0.06836902747175641;0.12886908004303413;0.7848728463237061
20;1995;Comunicaciones;4812.2;59636.0;0.681430677311085;0.99;1.8849043903143219;2.134975496961447;1.8660553464111787;2.1136257419918323;0.5005780207;7061.906897101943;9613.286642651028;2578.8088275381992;4860.80808080808;0.8813862415880721;1.00448037729493;0.11841684380411066;0.16119938699193487;0.043242484867164116;0.08150794957421827;0.8774549125206896
21;1995;Electricidad, gas y agua;3789.7;36416.0;0.681430677311085;0.99;1.8849043903143219;2.134975496961447;1.8660553464111787;2.1136257419918323;0.5005780207;5561.387425283079;7570.64801746698;2030.8615214915244;3827.9797979797977;1.0540853445122988;1.127919221953788;0.15271823992978578;0.20789345390671626;0.05576838536608975;0.10511807441728355;0.9345397471694883
22;1995;Maquinarias, equipos y vehiculos;1471.3;41925.0;0.681430677311085;0.99;1.8849043903143219;2.134975496961447;1.8660553464111787;2.1136257419918323;0.5005780207;2159.1337886426354;2939.2021606193543;788.4546419427606;1486.1616161616162;0.6379045640286141;1.005998800239952;0.05149991147627037;0.07010619345544077;0.018806312270548853;0.035448100564379637;0.634100720474478
23;1995;Minas y canteras;3560.8;10864.0;0.681430677311085;0.99;1.8849043903143219;2.134975496961447;1.8660553464111787;2.1136257419918323;0.5005780207;5225.476513694485;7113.376642107931;1908.1963495070904;3596.767676767677;0.7525303381720244;0.9115623426749455;0.4809901061942641;0.6547658912102293;0.17564399387951862;0.33107213519584655;0.8255390804799508
24;1995;Resto industria;23783.600000000002;513169.0;0.681430677311085;0.99;1.8849043903143219;2.134975496961447;1.8660553464111787;2.1136257419918323;0.5005780207;34902.44978968326;47512.273844427706;12745.388311092125;24023.838383838385;0.9097079494992016;0.9906871328377025;0.06801355847621984;0.09258601716866706;0.02483662947506986;0.04681467193816927;0.9182595789787379
25;1995;Total;35178.1;545925.0;0.681430677311085;0.99;1.8849043903143219;2.134975496961447;1.8660553464111787;2.1136257419918323;0.5005780207;51623.88658346325;70274.95923773786;18851.58447612766;35533.43434343434;0.8750299245415061;0.9969757898831406;0.09456223214445804;0.12872639875026398;0.034531454826446234;0.06508849080630918;0.8776842260573566
26;1995;Total Manufactura;16987.2;266714.0;0.681430677311085;0.99;1.8849043903143219;2.134975496961447;1.8660553464111787;2.1136257419918323;0.5005780207;24928.727991864456;33935.16953909679;9103.26697044115;17158.78787878788;0.8616646572664655;1.000904406825457;0.09346613972968969;0.1272343016830642;0.034131192852423005;0.06433403525419693;0.860886066032405
27;1996;Alimentos, bebidas y tabaco;6031.0;101656.0;0.6824915137233457;1;1.7121776600551892;2.0564885624307663;1.7121776600551892;2.0564885624307663;0.5042775158;8836.739913581874;11959.684520996841;3522.414840879071;6031.0;1.0149604212002383;0.9644232776122801;0.0869278735498335;0.11764858464819432;0.03465033879829101;0.059327536003777444;1.0524014141519666
28;1996;Combustibles, quimicos y plasticos;6624.8;48135.0;0.6824915137233457;1;1.7121776600551892;2.0564885624307663;1.7121776600551892;2.0564885624307663;0.5042775158;9706.78736187982;13137.210746924204;3869.224645640138;6624.8;0.8406933878832823;1.0002493610124057;0.20165757477676993;0.2729242909925045;0.0803827702428615;0.1376295834631765;0.8404838039910085
29;1996;Comunicaciones;5136.1;58127.0;0.6824915137233457;1;1.7121776600551892;2.0564885624307663;1.7121776600551892;2.0564885624307663;0.5042775158;7525.514818462587;10185.06643480217;2999.7471172672854;5136.1;0.9338093993231387;0.9790635000842176;0.12946676791271847;0.17522092030901593;0.0516067768380836;0.08835997040962032;0.9537781760251646
30;1996;Electricidad, gas y agua;3567.6;34788.0;0.6824915137233457;1;1.7121776600551892;2.0564885624307663;1.7121776600551892;2.0564885624307663;0.5042775158;5227.3177442703845;7074.67592391118;2083.6622759608977;3567.6;0.985029576248069;1.0774948894257572;0.15026209452312247;0.20336541117371448;0.059896006552860113;0.10255260434632632;0.9141849171767609
31;1996;Maquinarias, equipos y vehiculos;1917.3;37116.0;0.6824915137233457;1;1.7121776600551892;2.0564885624307663;1.7121776600551892;2.0564885624307663;0.5042775158;2809.2656999354213;3802.073144106656;1119.8020186399342;1917.3;0.8251762481302687;0.8906058788242351;0.07568880536521773;0.10243757797463779;0.03017033135682547;0.051656967345619136;0.92653357422214
32;1996;Minas y canteras;4615.5;11410.0;0.6824915137233457;1;1.7121776600551892;2.0564885624307663;1.7121776600551892;2.0564885624307663;0.5042775158;6762.721451025889;9152.698376166625;2695.6898852723184;4615.5;0.9682719685375972;0.9573753985568049;0.5927012665228649;0.8021646254309049;0.2362567822324556;0.40451358457493425;1.0113817108703842
33;1996;Resto industria;25298.800000000003;521630.0;0.6824915137233457;1;1.7121776600551892;2.0564885624307663;1.7121776600551892;2.0564885624307663;0.5042775158;37068.299738969516;50168.40768691675;14775.803113319758;25298.800000000003;0.960564409860539;1.007021330404079;0.07106243839305545;0.0961762315950324;0.028326214200333107;0.04849951114774841;0.9538669945303954
34;1996;Total;37830.4;540843.0;0.6824915137233457;1;1.7121776600551892;2.0564885624307663;1.7121776600551892;2.0564885624307663;0.5042775158;55429.84672969121;75019.00999885905;22094.90339850632;37830.4;0.9341005582999922;0.9876949711549524;0.10248786936262688;0.13870755468566487;0.04085271215215196;0.06994710109957973;0.9457378903202371
35;1996;Total Manufactura;17854.3;257414.0;0.6824915137233457;1;1.7121776600551892;2.0564885624307663;1.7121776600551892;2.0564885624307663;0.5042775158;26160.47180219944;35405.70309123427;10427.831419914972;17854.3;0.899003701285136;0.966004060448901;0.10162800703224938;0.13754381304526664;0.0405099622394857;0.06936025235612671;0.9306417416789843
36;1997;Alimentos, bebidas y tabaco;6089.4;105406.0;0.6860990801898499;1;1.692647974275886;2.020838681369841;1.692647974275886;2.020838681369841;0.5167778446;8875.39449595969;11783.399895390949;3597.5584365703935;6089.4;1.0;1.0;0.0842019856171346;0.11179059916314962;0.0341304900723905;0.05777090488207502;1.0
37;1997;Combustibles, quimicos y plasticos;8075.5;48123.0;0.6860990801898499;1;1.692647974275886;2.020838681369841;1.692647974275886;2.020838681369841;0.5167778446;11770.165903393188;15626.637411769569;4770.927046100472;8075.5;1.0;1.0;0.24458504048777482;0.32472284379131744;0.09914026652744991;0.1678095713068595;1.0
38;1997;Comunicaciones;5636.5;59370.0;0.6860990801898499;1;1.692647974275886;2.020838681369841;1.692647974275886;2.020838681369841;0.5167778446;8215.285754996681;10907.007834987206;3329.9895109089603;5636.5;1.0;1.0;0.13837436003026243;0.18371244458459163;0.05608875713169884;0.0949385211386222;1.0
39;1997;Electricidad, gas y agua;3711.6;32286.0;0.6860990801898499;1;1.692647974275886;2.020838681369841;1.692647974275886;2.020838681369841;0.5167778446;5409.714292246196;7182.196448210505;2192.7772675755696;3711.6;1.0;1.0;0.16755603952939963;0.22245544348047155;0.06791727893128816;0.11496004460137521;1.0
40;1997;Maquinarias, equipos y vehiculos;2381.1;41675.0;0.6860990801898499;1;1.692647974275886;2.020838681369841;1.692647974275886;2.020838681369841;0.5167778446;3470.490004652284;4607.589169855058;1406.730776976018;2381.1;1.0;1.0;0.08327510509063668;0.1105600280709072;0.033754787689886455;0.057134973005398916;1.0
41;1997;Minas y canteras;4884.9;11918.0;0.6860990801898499;1;1.692647974275886;2.020838681369841;1.692647974275886;2.020838681369841;0.5167778446;7119.817153301391;9452.6111191571;2885.95152343461;4884.9;1.0;1.0;0.5974003317084571;0.7931373652590283;0.24215065643854758;0.40987581809028356;1.0
42;1997;Resto industria;26990.300000000003;517993.0;0.6860990801898499;1;1.692647974275886;2.020838681369841;1.692647974275886;2.020838681369841;0.5167778446;39338.778872187875;52228.05172867119;15945.607362066197;26990.300000000003;1.0;1.0;0.0759446148349261;0.10082771722527369;0.03078344178795118;0.05210553038361523;1.0
43;1997;Total;41503.2;547581.0;0.6860990801898499;1;1.692647974275886;2.020838681369841;1.692647974275886;2.020838681369841;0.5167778446;60491.55464326768;80311.49251788182;24519.687868208417;41503.2;1.0;1.0;0.11047051421299804;0.1466659590414602;0.04477819330511544;0.07579371818963769;1.0
44;1997;Total Manufactura;20352.4;266473.0;0.6860990801898499;1;1.692647974275886;2.020838681369841;1.692647974275886;2.020838681369841;0.5167778446;29663.93715958387;39383.26732206043;12024.000447409479;20352.4;1.0;1.0;0.11132061094213624;0.1477945882774631;0.045122772091016644;0.07637696877357181;1.0
45;1998;Alimentos, bebidas y tabaco;6317.8;106146.0;0.6924432006185063;1;1.828310974620582;2.00878715905479;1.828310974620582;2.00878715905479;0.5068669474;9123.925246658202;12464.415035163525;3455.5390673138054;6317.8;1.0577944520103195;1.0070204732178434;0.08595637373672302;0.11742708189817351;0.03255458582814054;0.05951990654381701;1.0504200064872886
46;1998;Combustibles, quimicos y plasticos;8216.7;48642.0;0.6924432006185063;1;1.828310974620582;2.00878715905479;1.828310974620582;2.00878715905479;0.5068669474;11866.244036565966;16210.76308516068;4494.1479398520605;8216.7;1.0373801258709159;1.010784863786547;0.24395057844179857;0.33326678765594914;0.09239233460491059;0.16892191932897496;1.0263114961820254
47;1998;Comunicaciones;6690.1;58865.0;0.6924432006185063;1;1.828310974620582;2.00878715905479;1.828310974620582;2.00878715905479;0.5068669474;9661.586674581033;13198.927320704597;3659.1696340871968;6690.1;1.210132744047862;0.9914940205490989;0.16413126092892266;0.22422368675281742;0.06216205952751545;0.11365157563917438;1.2205144145777893
48;1998;Electricidad, gas y agua;3975.1;30377.0;0.6924432006185063;1;1.828310974620582;2.00878715905479;1.828310974620582;2.00878715905479;0.5068669474;5740.6874620898125;7842.49203936157;2174.1924952482045;3975.1;1.0919350502192937;0.9408722046707552;0.18898138269380824;0.25817203935087635;0.07157364108530152;0.13085887348981137;1.1605561784040594
49;1998;Maquinarias, equipos y vehiculos;2525.2;42359.0;0.6924432006185063;1;1.828310974620582;2.00878715905479;1.828310974620582;2.00878715905479;0.5068669474;3646.797308059972;4981.978037733852;1381.1654773466746;2525.2;1.0812548285181796;1.0164127174565087;0.08609262041266252;0.11761321177869762;0.032606187052259844;0.059614249628178184;1.0637950607543882
50;1998;Minas y canteras;3417.2;10462.0;0.6924432006185063;1;1.828310974620582;2.00878715905479;1.828310974620582;2.00878715905479;0.5068669474;4934.989609180476;6741.808708436607;1869.0474691862255;3417.2;0.7132218413992876;0.8778318509817084;0.471706137371485;0.6444091673137647;0.17865106759570115;0.3266297075129038;0.8124811609440555
51;1998;Resto industria;29991.0;568814.0;0.6924432006185063;1;1.828310974620582;2.00878715905479;1.828310974620582;2.00878715905479;0.5068669474;43311.85572074554;59169.374041531744;16403.664593340774;29991.0;1.1329041019741894;1.0981113644392877;0.0761441450469671;0.1040223588757164;0.028838362968106927;0.05272549550468167;1.031684161244126
52;1998;Total;42635.9;570576.0;0.6924432006185063;1;1.828310974620582;2.00878715905479;1.828310974620582;2.00878715905479;0.5068669474;61573.13691854672;84116.55212221478;23319.829389990926;42635.9;1.047378768405851;1.0419937872205207;0.10791399729141556;0.14742392270655405;0.04087068048777188;0.0747243136760046;1.0051679590141267
53;1998;Total Manufactura;20721.5;265025.0;0.6924432006185063;1;1.828310974620582;2.00878715905479;1.828310974620582;2.00878715905479;0.5068669474;29925.198170031963;40881.53726790037;11333.684634420688;20721.5;1.0380433124958297;0.9945660535964244;0.11291462379032907;0.1542553995581563;0.04276458686697741;0.07818696349401;1.0437148027948353
54;1999;Alimentos, bebidas y tabaco;6271.3;104415.0;0.6843646253912904;1;1.9420481763890327;1.9423035935336923;1.9420481763890327;1.9423035935336923;0.4964580027;9163.68229350595;12632.0856263639;3229.2195818028604;6271.3;1.0720238418883596;0.9905982581636719;0.08776212511139156;0.1209796066308854;0.030926778545255572;0.060061293875401045;1.0821983917835984
55;1999;Combustibles, quimicos y plasticos;7731.2;47277.0;0.6843646253912904;1;1.9420481763890327;1.9423035935336923;1.9420481763890327;1.9423035935336923;0.4964580027;11296.901846116945;15572.717043443077;3980.951705521068;7731.2;0.9965494580244193;0.9824200486253974;0.23895132614414927;0.32939308846676135;0.0842048291033921;0.16352983480339275;1.0143822486306053
56;1999;Comunicaciones;6440.3;56322.0;0.6843646253912904;1;1.9420481763890327;1.9423035935336923;1.9420481763890327;1.9423035935336923;0.4964580027;9410.626676265905;12972.49709940067;3316.241109926963;6440.3;1.1893726763253845;0.9486609398686205;0.16708615951610215;0.23032735164590518;0.05888003107004302;0.11434785696530664;1.2537384289165525
57;1999;Electricidad, gas y agua;4270.0;31431.0;0.6843646253912904;1;1.9420481763890327;1.9423035935336923;1.9420481763890327;1.9423035935336923;0.4964580027;6239.363990443832;8600.92893412432;2198.7096159166704;4270.0;1.1975346255346861;0.9735179334696153;0.19850987847805773;0.2736447753531329;0.06995353682404856;0.13585313862110654;1.2301104934622784
58;1999;Maquinarias, equipos y vehiculos;1316.9;32882.0;0.6843646253912904;1;1.9420481763890327;1.9423035935336923;1.9420481763890327;1.9423035935336923;0.4964580027;1924.2666133525722;2652.59093989422;678.0985229978135;1316.9;0.5757004025551313;0.7890101979604079;0.058520364130909684;0.08066999999678304;0.02062218000723233;0.04004926707621191;0.7296488740491788
59;1999;Minas y canteras;4770.2;9649.0;0.6843646253912904;1;1.9420481763890327;1.9423035935336923;1.9420481763890327;1.9423035935336923;0.4964580027;6970.260915038681;9608.466323550312;2456.272742352623;4770.2;1.0164880584241267;0.8096157073334452;0.7223816887800477;0.9957991837030068;0.2545624150018264;0.4943724738314851;1.255519191657036
60;1999;Resto industria;29809.200000000004;586406.0;0.6843646253912904;1;1.9420481763890327;1.9423035935336923;1.9420481763890327;1.9423035935336923;0.4964580027;43557.482216378994;60043.74959791539;15349.361752408247;29809.200000000004;1.1496455948586282;1.1320732133445819;0.07427871170550607;0.10239279543168964;0.02617531497359892;0.05083372271088632;1.0155223013025196
61;1999;Total;41743.7;561354.0;0.6843646253912904;1;1.9420481763890327;1.9423035935336923;1.9420481763890327;1.9423035935336923;0.4964580027;60996.28538826468;84083.04382843217;21494.677890852625;41743.7;1.0469615392804534;1.0251524432001842;0.10865921573243387;0.14978613108382977;0.03829077176051587;0.07436252347003851;1.0212740029299336
62;1999;Total Manufactura;18108.1;244677.0;0.6843646253912904;1;1.9420481763890327;1.9423035935336923;1.9420481763890327;1.9423035935336923;0.4964580027;26459.72531038781;36474.58576862215;9324.228008426382;18108.1;0.9261442294857799;0.9182055968146867;0.1081414489730862;0.14907239245463264;0.03810831426094967;0.07400818221573748;1.0086458116772896
63;2000;Alimentos, bebidas y tabaco;6453.4;101742.0;0.6779377065296085;1;1.9542106316288086;1.8611115419708282;1.9542106316288086;1.8611115419708282;0.5031784541;9519.16368988417;12825.270930057497;3302.3052354500683;6453.4;1.08841854167014;0.9652391704457052;0.09356179050818904;0.1260567998472361;0.03245764026115142;0.06342906567592538;1.1276153879743152
64;2000;Combustibles, quimicos y plasticos;8089.9;46528.0;0.6779377065296085;1;1.9542106316288086;1.8611115419708282;1.9542106316288086;1.8611115419708282;0.5031784541;11933.102292558024;16077.59619689964;4139.727759672035;8089.9;1.0288583380574519;0.9668557654344077;0.2564714213496824;0.3455466857999407;0.08897282839735289;0.17387164718019257;1.0641280476775008
65;2000;Comunicaciones;5924.7;58488.0;0.6779377065296085;1;1.9542106316288086;1.8611115419708282;1.9542106316288086;1.8611115419708282;0.5031784541;8739.298526893846;11774.550264869937;3031.7612155562992;5924.7;1.0795399107626797;0.985144012127337;0.14942036874049114;0.20131565902184956;0.05183561098954143;0.10129770209273697;1.0958193903361424
66;2000;Electricidad, gas y agua;4425.5;31954.0;0.6779377065296085;1;1.9542106316288086;1.8611115419708282;1.9542106316288086;1.8611115419708282;0.5031784541;6527.8859065891465;8795.09041760459;2264.597238584975;4425.5;1.2245683449379818;0.9897169051601313;0.20429010160196365;0.27524223626477407;0.07087054010718455;0.13849596294673594;1.2372915310968167
67;2000;Maquinarias, equipos y vehiculos;1680.0;30995.0;0.6779377065296085;1;1.9542106316288086;1.8611115419708282;1.9542106316288086;1.8611115419708282;0.5031784541;2478.1037900959814;3338.775709315492;859.6821513552725;1680.0;0.7246253053894822;0.7437312537492502;0.0799517273784798;0.10771981639991908;0.02773615587531126;0.05420229069204711;0.974310682436092
68;2000;Minas y canteras;7163.9;9423.0;0.6779377065296085;1;1.9542106316288086;1.8611115419708282;1.9542106316288086;1.8611115419708282;0.5031784541;10567.195084445595;14237.29482378884;3665.879145294069;7163.9;1.5061758750378378;0.7906527940929686;1.1214257757025996;1.5109089274953666;0.3890352483597654;0.7602568184230075;1.9049776163324792
69;2000;Resto industria;28929.3;577628.0;0.6779377065296085;1;1.9542106316288086;1.8611115419708282;1.9542106316288086;1.8611115419708282;0.5031784541;42672.50474691885;57493.121504464674;14803.573131667907;28929.3;1.100809231850078;1.1151270383962717;0.07387540899492208;0.09953312773006966;0.02562821250297407;0.05008292534295429;0.9871603807878383
70;2000;Total;44572.5;551398.0;0.6779377065296085;1;1.9542106316288086;1.8611115419708282;1.9542106316288086;1.8611115419708282;0.5031784541;65747.19118098401;88581.89303777664;22808.442078144573;44572.5;1.1029790414871614;1.006970658222254;0.11923726814566613;0.1606496451524609;0.041364753006257866;0.08083544009952884;1.0953437743999457
71;2000;Total Manufactura;19314.4;236615.0;0.6779377065296085;1;1.9542106316288086;1.8611115419708282;1.9542106316288086;1.8611115419708282;0.5031784541;28489.9332401368;38384.791404763775;9883.47913341445;19314.4;0.9746472046330864;0.8879511245041711;0.12040628548543753;0.16222467470263413;0.04177029830490227;0.08162796103374681;1.0976360947538932
72;2001;Alimentos, bebidas y tabaco;5891.8;97829.0;0.6707142570277079;1;2.060598529734818;1.7902180676639496;2.060598529734818;1.7902180676639496;0.501043431;8784.366722886887;11759.060463562888;2859.2663320779066;5891.8;0.9979344304662374;0.9281160465248658;0.08979307488461384;0.12020014988973503;0.029227185518383166;0.060225495507467114;1.075225920511548
73;2001;Combustibles, quimicos y plasticos;8455.3;46231.0;0.6707142570277079;1;2.060598529734818;1.7902180676639496;2.060598529734818;1.7902180676639496;0.501043431;12606.411614790979;16875.383403639513;4103.322349302135;8455.3;1.0799113692194215;0.9606840803773663;0.27268308309988926;0.365023110113117;0.08875694554091702;0.18289243148536694;1.1241066561602868
74;2001;Comunicaciones;5933.5;58128.0;0.6707142570277079;1;2.060598529734818;1.7902180676639496;2.060598529734818;1.7902180676639496;0.501043431;8846.53924950768;11842.286781722121;2879.5031707431103;5933.5;1.0857502773340597;0.9790803436078828;0.15219066972040463;0.20372775223166326;0.04953728273367586;0.10207645196807047;1.1089491117073205
75;2001;Electricidad, gas y agua;4276.4;31106.0;0.6707142570277079;1;2.060598529734818;1.7902180676639496;2.060598529734818;1.7902180676639496;0.501043431;6375.889516574473;8534.988656502313;2075.3193493495974;4276.4;1.1883535514583239;0.9634516508703462;0.20497298002232603;0.2743839984730378;0.06671765412941547;0.1374783000064296;1.2334335100103981
76;2001;Maquinarias, equipos y vehiculos;970.7;28291.0;0.6707142570277079;1;2.060598529734818;1.7902180676639496;2.060598529734818;1.7902180676639496;0.501043431;1447.2631076931161;1937.3570032894015;471.07672163821314;970.7;0.4204708648862341;0.6788482303539292;0.051156307931607796;0.06847962261105657;0.016651115960489665;0.03431126506662897;0.6193886145464567
77;2001;Minas y canteras;5966.5;9795.0;0.6707142570277079;1;2.060598529734818;1.7902180676639496;2.060598529734818;1.7902180676639496;0.501043431;8895.7405295673;11908.149335661083;2895.517935154423;5966.5;1.2597735361743037;0.8218660849135762;0.9081919887256049;1.2157375534110344;0.2956118361566537;0.6091373149566105;1.5328209294666002
78;2001;Resto industria;27756.5;569097.0;0.6707142570277079;1;2.060598529734818;1.7902180676639496;2.060598529734818;1.7902180676639496;0.501043431;41383.494847722235;55397.39328505436;13470.115405533184;27756.5;1.0606827452199088;1.0986577038685852;0.07271782288032135;0.0973426204760425;0.023669278533419057;0.04877288054584719;0.9654351318750515
79;2001;Total;41675.8;537530.0;0.6707142570277079;1;2.060598529734818;1.7902180676639496;2.060598529734818;1.7902180676639496;0.501043431;62136.445682081765;83178.01895301168;20225.09450463567;41675.8;1.0356926056939062;0.9816447247073948;0.1155962377580447;0.1547411659870364;0.03762598274447132;0.07753204472308522;1.0550584948160566
80;2001;Total Manufactura;18134.2;224788.0;0.6707142570277079;1;2.060598529734818;1.7902180676639496;2.060598529734818;1.7902180676639496;0.501043431;27037.147056277434;36192.870473937015;8800.452751140088;18134.2;0.9189910572418069;0.8435676409992757;0.12027842703470575;0.16100890827774175;0.03915001134909376;0.08067245582504405;1.0894100396658006
81;2002;Alimentos, bebidas y tabaco;12449.0;96994.0;0.8442182845809035;3.14;0.9941158842965611;0.7066666934948361;3.1215238766912017;2.2189334175737856;0.8276362052;14746.186178827049;15041.632932179027;3988.116218798836;3964.6496815286623;1.2765104355036385;0.9201942963398668;0.1520319419636993;0.15507797319606395;0.04111714352226773;0.0408752054923878;1.387218373968457
82;2002;Combustibles, quimicos y plasticos;13821.0;45350.0;0.8442182845809035;3.14;0.9941158842965611;0.7066666934948361;3.1215238766912017;2.2189334175737856;0.8276362052;16371.358275971455;16699.366114197634;4427.645132943909;4401.592356687898;1.068647443090995;0.9423768260499138;0.36100018249110155;0.3682329903902455;0.09763274824573118;0.09705826585860856;1.1339916406586097
83;2002;Comunicaciones;6164.0;52614.0;0.8442182845809035;3.14;0.9941158842965611;0.7066666934948361;3.1215238766912017;2.2189334175737856;0.8276362052;7301.429159473848;7447.716715716245;1974.6765501386478;1963.0573248407643;0.6828377524242405;0.8862051541182415;0.13877350438046618;0.1415538966000731;0.03753138993687322;0.03731055089597378;0.7705188231540495
84;2002;Electricidad, gas y agua;4517.0;31255.0;0.8442182845809035;3.14;0.9941158842965611;0.7066666934948361;3.1215238766912017;2.2189334175737856;0.8276362052;5350.511926240001;5457.7119410918685;1447.0496393537105;1438.5350318471337;0.7598945504270767;0.9680666542773958;0.17118899140105587;0.17461884310004377;0.046298180750398675;0.046025756898004595;0.7849609808059061
85;2002;Maquinarias, equipos y vehiculos;1987.0;21221.0;0.8442182845809035;3.14;0.9941158842965611;0.7066666934948361;3.1215238766912017;2.2189334175737856;0.8276362052;2353.6566742171535;2400.813289118783;636.5480702669522;632.8025477707006;0.5210562835823113;0.5092021595680863;0.11091167589732592;0.11313384332118104;0.029996139214313756;0.029819638460520267;1.023279799175007
86;2002;Minas y canteras;17972.0;13168.0;0.8442182845809035;3.14;0.9941158842965611;0.7066666934948361;3.1215238766912017;2.2189334175737856;0.8276362052;21288.3330392706;21714.854772039642;5757.444347678744;5723.5668789808915;2.2972334837758543;1.1048833696929015;1.6166717071135026;1.6490624826883082;0.43722997780063366;0.4346572660222427;2.0791637803493797
87;2002;Resto industria;36164.0;523426.0;0.8442182845809035;3.14;0.9941158842965611;0.7066666934948361;3.1215238766912017;2.2189334175737856;0.8276362052;42837.26218741276;43695.5268181639;11585.36709266938;11517.197452229299;0.8366294619827209;1.010488558725697;0.08184014968192783;0.08347985544883879;0.02213372490604093;0.022003487507745695;0.8279455069117995
88;2002;Total;73179.0;506470.0;0.8442182845809035;3.14;0.9941158842965611;0.7066666934948361;3.1215238766912017;2.2189334175737856;0.8276362052;86682.55750505137;88419.28318290056;23443.357440395215;23305.414012738853;1.1009543019414498;0.9249225228778939;0.17115042846575587;0.17457950753825607;0.04628775137795963;0.0460153888931997;1.1903205670847257
89;2002;Total Manufactura;35311.0;215744.0;0.8442182845809035;3.14;0.9941158842965611;0.7066666934948361;3.1215238766912017;2.2189334175737856;0.8276362052;41826.860001651694;42664.88075091763;11312.103124910089;11245.541401273886;1.0833250680300723;0.8096279923294293;0.1938726453651165;0.1977569747057514;0.05243299060418871;0.05212446882079634;1.3380528814390085
90;2003;Alimentos, bebidas y tabaco;15627.0;100667.0;0.9577077593232352;2.93;1.2378096178732818;0.8402254851792774;3.626782180368716;2.461860671575283;0.9484976701;16317.086133919214;16475.52808258606;4308.778201400362;5333.447098976109;1.398198162571944;0.9550405100278921;0.1620897228875323;0.16366364431825783;0.04280229073480249;0.05298108713854698;1.4640197435510975
91;2003;Combustibles, quimicos y plasticos;17368.0;42431.0;0.9577077593232352;2.93;1.2378096178732818;0.8402254851792774;3.626782180368716;2.461860671575283;0.9484976701;18134.968450368524;18311.062375270667;4788.818058611473;5927.645051194539;1.1717851955456047;0.8817197597822247;0.4273990349124113;0.4315491592295884;0.11286130561644725;0.13970080957777423;1.3289769028597282
92;2003;Comunicaciones;7432.0;54287.0;0.9577077593232352;2.93;1.2378096178732818;0.8402254851792774;3.626782180368716;2.461860671575283;0.9484976701;7760.1960803281245;7835.549031149908;2049.1994364118186;2536.518771331058;0.7183958377672789;0.9143843692100387;0.14294759482616692;0.1443356426243835;0.03774751665061283;0.04672423916096041;0.7856606717675199
93;2003;Electricidad, gas y agua;4978.0;29544.0;0.9577077593232352;2.93;1.2378096178732818;0.8402254851792774;3.626782180368716;2.461860671575283;0.9484976701;5197.8277836212865;5248.299660530711;1372.5665762187882;1698.976109215017;0.7307374141566905;0.9150715480393978;0.17593514025254828;0.17764350326735415;0.04645838668490347;0.05750663786944953;0.7985576818800064
94;2003;Maquinarias, equipos y vehiculos;1833.0;18546.0;0.9577077593232352;2.93;1.2378096178732818;0.8402254851792774;3.626782180368716;2.461860671575283;0.9484976701;1913.9450235793126;1932.5297866116498;505.4066963055522;625.5972696245733;0.419423198416894;0.4450149970005999;0.10319988264743409;0.10420197274946888;0.027251520344308864;0.033732193983854915;0.9424922783362482
95;2003;Minas y canteras;21085.0;16746.0;0.9577077593232352;2.93;1.2378096178732818;0.8402254851792774;3.626782180368716;2.461860671575283;0.9484976701;22016.110650392693;22229.891189692655;5813.693503329278;7196.245733788395;2.351719636983746;1.4051015271018628;1.314708625963973;1.327474691848361;0.3471690853534742;0.4297292328788006;1.6737008619116376
96;2003;Resto industria;40801.0;512785.0;0.9577077593232352;2.93;1.2378096178732818;0.8402254851792774;3.626782180368716;2.461860671575283;0.9484976701;42602.76645229653;43016.447257797015;11249.917411872795;13925.255972696244;0.823627262247323;0.9899458100785146;0.08308114795147387;0.08388788138849033;0.02193885821908362;0.02715612970874001;0.8319922705486268
97;2003;Total;86305.0;503532.0;0.9577077593232352;2.93;1.2378096178732818;0.8402254851792774;3.626782180368716;2.461860671575283;0.9484976701;90116.21672668443;90991.26199319064;23796.57660919295;29455.631399317404;1.1329793425633436;0.9195571066198426;0.1789682020739187;0.18070601668452183;0.04725931342832819;0.05849803269567258;1.2320924218921105
98;2003;Total Manufactura;42403.0;215312.0;0.9577077593232352;2.93;1.2378096178732818;0.8402254851792774;3.626782180368716;2.461860671575283;0.9484976701;44275.51054819072;44705.43401074402;11691.631283930348;14472.013651877132;1.1351377640956264;0.808006814949357;0.20563419850352382;0.2076309449113102;0.05430088097240446;0.06721415272663453;1.404861621330227
99;2004;Alimentos, bebidas y tabaco;17963.8;107749.0;1;2.93;1.2035224460529526;0.8545070696306212;3.526320766935151;2.50370571401772;1.0;17963.8;17963.8;5094.204749732103;6130.98976109215;1.5245005821305022;1.0222283361478475;0.16671894866773704;0.16671894866773704;0.04727844109673503;0.05690066507431298;1.4913503453400747
100;2004;Combustibles, quimicos y plasticos;20152.1;41785.0;1;2.93;1.2035224460529526;0.8545070696306212;3.526320766935151;2.50370571401772;1.0;20152.1;20152.1;5714.766560364528;6877.849829351535;1.2895992572798785;0.8682958252810506;0.48228072274739736;0.48228072274739736;0.13676598205969914;0.16460092926532333;1.4852072527959697
101;2004;Comunicaciones;8250.0;56424.0;1;2.93;1.2035224460529526;0.8545070696306212;3.526320766935151;2.50370571401772;1.0;8250.0;8250.0;2339.548936488374;2815.6996587030717;0.7563944323516366;0.9503789792824658;0.14621437686091024;0.14621437686091024;0.041463719985970045;0.04990251769996937;0.7958871658995581
102;2004;Electricidad, gas y agua;5608.1;30290.0;1;2.93;1.2035224460529526;0.8545070696306212;3.526320766935151;2.50370571401772;1.0;5608.1;5608.1;1590.354471602479;1914.0273037542663;0.7808335570377357;0.9381775382518739;0.18514691317266427;0.18514691317266427;0.052504274400874185;0.06319007275517552;0.8322876270227909
103;2004;Maquinarias, equipos y vehiculos;3155.9;23412.0;1;2.93;1.2035224460529526;0.8545070696306212;3.526320766935151;2.50370571401772;1.0;3155.9;3155.9;894.9554531713527;1077.098976109215;0.6849351979224476;0.5617756448710258;0.13479839398599008;0.13479839398599008;0.03822635627760775;0.04600627781091812;1.2192326317024604
104;2004;Minas y canteras;24455.2;18315.0;1;2.93;1.2035224460529526;0.8545070696306212;3.526320766935151;2.50370571401772;1.0;24455.2;24455.2;6935.046927467937;8346.484641638224;2.5871370028581793;1.5367511327403927;1.3352552552552552;1.3352552552552552;0.37865394089369026;0.4557185171519642;1.6835107179942004
105;2004;Resto industria;48973.5;546163.0;1;2.93;1.2035224460529526;0.8545070696306212;3.526320766935151;2.50370571401772;1.0;48973.5;48973.5;13887.987859528896;16714.505119453923;0.9376857527525851;1.0543829742872972;0.08966828584140632;0.08966828584140632;0.025428283972969416;0.030603510526077238;0.8893217887802174
106;2004;Total;102721.4;536407.0;1;2.93;1.2035224460529526;0.8545070696306212;3.526320766935151;2.50370571401772;1.0;102721.4;102721.4;29129.90813631477;35058.49829351535;1.2790373678727047;0.9795938865665537;0.19149899236959994;0.19149899236959994;0.0543056077499264;0.06535801787358358;1.30568124751747
107;2004;Total Manufactura;52429.3;230361.0;1;2.93;1.2035224460529526;0.8545070696306212;3.526320766935151;2.50370571401772;1.0;52429.3;52429.3;14867.989461312716;17893.9590443686;1.331258261821052;0.8644815797472915;0.22759625110153195;0.22759625110153195;0.06454212935919151;0.07767790139984025;1.5399498300590864
108;2005;Alimentos, bebidas y tabaco;20731.0;110974.0;1.0964239819992485;2.928416666666667;1.3501430843732851;0.9063353378572974;3.953781510663468;2.6541275089702743;1.082628062;18907.831587374207;19148.773921213953;5243.334752840507;7079.252155601717;1.6250635717373858;1.0528243174012863;0.1703807341122624;0.17255189432852697;0.04724831719898811;0.06379198871448913;1.5435277708521897
109;2005;Combustibles, quimicos y plasticos;23481.0;45967.0;1.0964239819992485;2.928416666666667;1.3501430843732851;0.9063353378572974;3.953781510663468;2.6541275089702743;1.082628062;21415.98540847686;21688.889124693687;5938.871416306398;8018.32617170826;1.3879434553436423;0.9551981381044407;0.4658991321704018;0.47183608076867506;0.1291985862968303;0.17443657779947047;1.4530424631040115
110;2005;Comunicaciones;10408.0;57832.0;1.0964239819992485;2.928416666666667;1.3501430843732851;0.9063353378572974;3.953781510663468;2.6541275089702743;1.082628062;9492.678170922327;9613.643286478935;2632.4165794010896;3554.13903986796;0.8814189401827098;0.9740946606029981;0.16414231171189525;0.16623397576564766;0.04551833897152251;0.06145627057456011;0.9048596361641909
111;2005;Electricidad, gas y agua;6359.0;28738.0;1.0964239819992485;2.928416666666667;1.3501430843732851;0.9063353378572974;3.953781510663468;2.6541275089702743;1.082628062;5799.7636903242765;5873.670028700956;1608.3336883562192;2171.4806066987276;0.8178097147655189;0.8901071671932107;0.20181514685518395;0.2043868755202504;0.05596540080577003;0.07556129886208948;0.9187766876929342
112;2005;Maquinarias, equipos y vehiculos;4623.0;30584.0;1.0964239819992485;2.928416666666667;1.3501430843732851;0.9063353378572974;3.953781510663468;2.6541275089702743;1.082628062;4216.434587257294;4270.164576613386;1169.260361891933;1578.6687914401978;0.9267676477214469;0.733869226154769;0.13786406576174778;0.13962086635539453;0.03823111306212179;0.051617472908716905;1.2628512202063595
113;2005;Minas y canteras;29352.0;23178.0;1.0964239819992485;2.928416666666667;1.3501430843732851;0.9063353378572974;3.953781510663468;2.6541275089702743;1.082628062;26770.665802547283;27111.804164558966;7423.778962200306;10023.163825730626;2.8681814815816264;1.9447893941936567;1.155003270452467;1.1697214671049687;0.32029419976703366;0.43244299878033593;1.4748031278578748
114;2005;Resto industria;56750.0;556536.0;1.0964239819992485;2.928416666666667;1.3501430843732851;0.9063353378572974;3.953781510663468;2.6541275089702743;1.082628062;51759.174308209265;52418.7410172636;14353.347509705212;19379.072877835006;1.0036510894486943;1.0744083414254633;0.09300238314899532;0.09418751171040796;0.025790510424671922;0.03482087929232791;0.9341430541362958
115;2005;Total;121090.0;561995.0;1.0964239819992485;2.928416666666667;1.3501430843732851;0.9063353378572974;3.953781510663468;2.6541275089702743;1.082628062;110440.85316266185;111848.19999613127;30626.376210576283;41349.99004012407;1.3926798829100033;1.02632304627078;0.1965157219595581;0.19901992009916683;0.05449581617376718;0.07357714933428956;1.35696054762719
116;2005;Total Manufactura;61123.0;247003.0;1.0964239819992485;2.928416666666667;1.3501430843732851;0.9063353378572974;3.953781510663468;2.6541275089702743;1.082628062;55747.59491172995;56457.98602992429;15459.377265827517;20872.37130417461;1.4335526193962964;0.9269344361342425;0.22569602357756768;0.22857206604747426;0.06258781175057597;0.08450250120109719;1.546552338021762
117;2006;Alimentos, bebidas y tabaco;24198.0;116396.0;1.2158951666873792;3.0777499999999995;1.344359568048199;0.9263972315392778;4.1376026605603435;2.851219079370012;1.188750435;19901.386783143276;20355.82851332458;5848.31410484518;7862.237023799855;1.7275004407927053;1.1042635144109443;0.17097998885823634;0.1748842616011253;0.050244974954853944;0.06754731282690002;1.5643914864960644
118;2006;Combustibles, quimicos y plasticos;26992.0;47840.0;1.2158951666873792;3.0777499999999995;1.344359568048199;0.9263972315392778;4.1376026605603435;2.851219079370012;1.188750435;22199.282256823015;22706.195686902105;6523.584358954504;8770.043050930064;1.453044253128981;0.9941192361240987;0.46403181974964497;0.4746278362646761;0.13636254930924965;0.18332029788733412;1.461639811733402
119;2006;Comunicaciones;13435.0;62586.0;1.2158951666873792;3.0777499999999995;1.344359568048199;0.9263972315392778;4.1376026605603435;2.851219079370012;1.188750435;11049.472329594591;11301.783456340017;3247.0493428628397;4365.201852002275;1.0361946766084151;1.054168772107125;0.1765486263636371;0.18058005714281178;0.051881400678471856;0.06974725740584595;0.982949508679922
120;2006;Electricidad, gas y agua;7707.0;29790.0;1.2158951666873792;3.0777499999999995;1.344359568048199;0.9263972315392778;4.1376026605603435;2.851219079370012;1.188750435;6338.539876753667;6483.278384667847;1862.672816184883;2504.102022581432;0.9026874204037125;0.9226909496376138;0.21277408112633994;0.21763270844806468;0.062526781342225;0.08405847675667781;0.9783204449531475
121;2006;Maquinarias, equipos y vehiculos;6503.0;37149.0;1.2158951666873792;3.0777499999999995;1.344359568048199;0.9263972315392778;4.1376026605603435;2.851219079370012;1.188750435;5348.322929613221;5470.450153820553;1571.6830574348378;2112.907156201771;1.187269513873052;0.8913977204559088;0.14396949930316352;0.14725699625348065;0.042307546836653415;0.056876555390502334;1.3319189477687001
122;2006;Minas y canteras;35582.0;23672.0;1.2158951666873792;3.0777499999999995;1.344359568048199;0.9263972315392778;4.1376026605603435;2.851219079370012;1.188750435;29264.036057434667;29932.27085548869;8599.665777279162;11561.042969701894;3.166561120326484;1.9862393018962914;1.2362299787696294;1.2644588904819487;0.3632842927204783;0.48838471484039764;1.5942495535675496
123;2006;Resto industria;71334.0;591942.0;1.2158951666873792;3.0777499999999995;1.344359568048199;0.9263972315392778;4.1376026605603435;2.851219079370012;1.188750435;58667.88680009681;60007.5490193196;17240.41814840177;23177.321094955732;1.148952469662539;1.142760616456207;0.09911087032191804;0.10137403498876511;0.029125181433994837;0.03915471633193072;1.0054183291908794
124;2006;Total;146822.0;597664.0;1.2158951666873792;3.0777499999999995;1.344359568048199;0.9263972315392778;4.1376026605603435;2.851219079370012;1.188750435;120752.18655569313;123509.52367895453;35484.79930166042;47704.32946145724;1.5378810654210469;1.091462267682772;0.20204025431629333;0.2066537781746174;0.059372489060174984;0.07981797374688326;1.4090098310828865
125;2006;Total Manufactura;72311.0;262281.0;1.2158951666873792;3.0777499999999995;1.344359568048199;0.9263972315392778;4.1376026605603435;2.851219079370012;1.188750435;59471.41002049234;60829.42043255698;17476.54522007851;23494.76078303956;1.544549870256284;0.984268575052632;0.22674692417861889;0.23192461685199073;0.06663290600569051;0.08957858473560631;1.5692361916295987
126;2007;Alimentos, bebidas y tabaco;34685.0;122478.0;1.4301885530069212;3.1191666666666666;1.4597207637984138;1.045406646701571;4.553112349081219;3.260797565503317;1.3207406030000002;24252.046995534965;26261.780641266465;7617.866053096439;11119.957253539942;2.2287099542075888;1.1619642145608409;0.19801145508201445;0.21442039093769055;0.0621978318807985;0.09079146665964452;1.9180538662715354
127;2007;Combustibles, quimicos y plasticos;31146.0;48945.0;1.4301885530069212;3.1191666666666666;1.4597207637984138;1.045406646701571;4.553112349081219;3.260797565503317;1.3207406030000002;21777.54809637976;23582.223435285723;6840.595533796791;9985.359337429869;1.5091041542644497;1.017081229349791;0.44493917859597015;0.48181067392554344;0.1397608649258717;0.20401183649872037;1.483759714284771
128;2007;Comunicaciones;16791.0;63955.0;1.4301885530069212;3.1191666666666666;1.4597207637984138;1.045406646701571;4.553112349081219;3.260797565503317;1.3207406030000002;11740.410007266184;12713.321572654035;3687.807089449108;5383.168581351857;1.1656103823335109;1.0772275560047162;0.18357298111588122;0.19878542057155868;0.05766252973886495;0.0841711919529647;1.0820465702312647
129;2007;Electricidad, gas y agua;9092.0;30617.0;1.4301885530069212;3.1191666666666666;1.4597207637984138;1.045406646701571;4.553112349081219;3.260797565503317;1.3207406030000002;6357.20372735776;6884.016421807544;1996.8758297463694;2914.8811114079617;0.9584834488233395;0.9483057672056;0.20763640223920565;0.22484294417505124;0.06522114608702255;0.09520466118195649;1.0107324894245138
130;2007;Maquinarias, equipos y vehiculos;9054.0;42851.0;1.4301885530069212;3.1191666666666666;1.4597207637984138;1.045406646701571;4.553112349081219;3.260797565503317;1.3207406030000002;6330.6338041681865;6855.244685772714;1988.5298902907643;2902.6983702912103;1.4878159560368012;1.0282183563287342;0.14773596425213384;0.15997863960637357;0.046405682254574324;0.06773933794523372;1.4469844336849478
131;2007;Minas y canteras;36103.0;27325.0;1.4301885530069212;3.1191666666666666;1.4597207637984138;1.045406646701571;4.553112349081219;3.260797565503317;1.3207406030000002;25243.524655609017;27335.420685934645;7929.301372781916;11574.565856265028;2.891838069010944;2.292750461486827;0.9238252389975853;1.0003813608759249;0.29018486268186333;0.4235888693967073;1.2612964723320192
132;2007;Resto industria;89711.0;647296.0;1.4301885530069212;3.1191666666666666;1.4597207637984138;1.045406646701571;4.553112349081219;3.260797565503317;1.3207406030000002;62726.69419104619;67924.76872159884;19703.22564478405;28761.20758749666;1.3005418826356634;1.2496230644043453;0.0969057343024616;0.10493617869042732;0.030439282252298867;0.0444328523388012;1.040747341883922
133;2007;Total;177036.0;644358.0;1.4301885530069212;3.1191666666666666;1.4597207637984138;1.045406646701571;4.553112349081219;3.260797565503317;1.3207406030000002;123785.07688918921;134042.97528058957;38882.41414375036;56757.46727224152;1.6690385283369515;1.1767354966662467;0.19210606043408976;0.20802562438984162;0.060342874836271695;0.0880837473457946;1.4183633731330663
134;2007;Total Manufactura;91387.0;277924.0;1.4301885530069212;3.1191666666666666;1.4597207637984138;1.045406646701571;4.553112349081219;3.260797565503317;1.3207406030000002;63898.56764540735;69193.75371092456;20071.325500773368;29298.53059043548;1.7569327893769209;1.042972458748166;0.22991381689025542;0.24896645741614457;0.07221875584970484;0.1054192174495023;1.6845438004045574
135;2008;Alimentos, bebidas y tabaco;42605.0;127287.0;1.8171998268522611;3.1831666666666667;1.7492073402923984;1.2535363609397792;5.56801849870742;3.9902151595981405;1.5848373889999998;23445.41275562415;26882.884197275842;7651.734635919489;13384.470391119954;2.2814200006732372;1.207587803350853;0.18419330140253248;0.21119897709330757;0.06011403078020135;0.10515190389529139;1.8892373658815373
136;2008;Combustibles, quimicos y plasticos;42983.0;51685.0;1.8171998268522611;3.1831666666666667;1.7492073402923984;1.2535363609397792;5.56801849870742;3.9902151595981405;1.5848373889999998;23653.425102100526;27121.394471341566;7719.622341408929;13503.22006387769;1.7355873664102843;1.0740186605157618;0.45764583732418546;0.5247440160847744;0.14935904694609517;0.2612599412571866;1.6159750572460503
137;2008;Comunicaciones;20252.0;65493.0;1.8171998268522611;3.1831666666666667;1.7492073402923984;1.2535363609397792;5.56801849870742;3.9902151595981405;1.5848373889999998;11144.61915566014;12778.598069785949;3637.2005597146226;6362.217917168438;1.1715952040297528;1.103132895401718;0.17016504291542822;0.19511395217482705;0.0555357146521708;0.09714347971796128;1.0620617052699741
138;2008;Electricidad, gas y agua;10006.0;31930.0;1.8171998268522611;3.1831666666666667;1.7492073402923984;1.2535363609397792;5.56801849870742;3.9902151595981405;1.5848373889999998;5506.273912282015;6313.581487570522;1797.0486273209813;3143.410649772239;0.8790599829866246;0.9889735489066468;0.17244829039404994;0.19773196014940564;0.056280884037612944;0.09844693547673784;0.8888609649453856
139;2008;Maquinarias, equipos y vehiculos;10659.0;48317.0;1.8171998268522611;3.1831666666666667;1.7492073402923984;1.2535363609397792;5.56801849870742;3.9902151595981405;1.5848373889999998;5865.617992306016;6725.611140916869;1914.3255365395103;3348.5522802240953;1.4596811679563086;1.159376124775045;0.12139863800124213;0.13919761452318788;0.039620124108274736;0.06930381191348998;1.259022966545505
140;2008;Minas y canteras;37639.0;29568.0;1.8171998268522611;3.1831666666666667;1.7492073402923984;1.2535363609397792;5.56801849870742;3.9902151595981405;1.5848373889999998;20712.63679636046;23749.439697248337;6759.855415124367;11824.388711450862;2.5124740029891446;2.480953180063769;0.7005085496604593;0.8032142754751196;0.22862065121497455;0.3999049212476617;1.0127051260695557
141;2008;Resto industria;112450.0;709084.0;1.8171998268522611;3.1831666666666667;1.7492073402923984;1.2535363609397792;5.56801849870742;3.9902151595981405;1.5848373889999998;61880.921590656864;70953.65163674846;20195.694397585885;35326.456882559294;1.3585352945072167;1.3689065296249177;0.08726881665734507;0.1000638170326061;0.028481384994705684;0.04981984769443295;0.9924237083443946
142;2008;Total;214722.0;691856.0;1.8171998268522611;3.1831666666666667;1.7492073402923984;1.2535363609397792;5.56801849870742;3.9902151595981405;1.5848373889999998;118160.91814841283;135485.1933014309;38563.44946588205;67455.46887271585;1.686996332078679;1.2634770015760226;0.17078831165504504;0.1958286020522058;0.055739127023371984;0.09749929013077266;1.335201455961898
143;2008;Total Manufactura;115210.0;290780.0;1.8171998268522611;3.1831666666666667;1.7492073402923984;1.2535363609397792;5.56801849870742;3.9902151595981405;1.5848373889999998;63399.74189826214;72695.15522516488;20691.382405921475;36193.51798523483;1.8458386052811036;1.0912174967069834;0.2180333650810308;0.25000053382338844;0.07115820347314628;0.1244704518372475;1.6915405140142772
144;2009;Alimentos, bebidas y tabaco;48250.0;129729.0;2.0822573595387337;3.75;1.8840630492383101;1.223506415269924;7.065236434643663;4.588149057262215;1.7479247409999998;23171.96756633793;27604.163307623785;6829.212362011138;12866.666666666666;2.3426314605872873;1.230755364969736;0.17861825471820433;0.21278328906893434;0.05264214140254791;0.09918111344931871;1.9034095054665003
145;2009;Combustibles, quimicos y plasticos;38714.0;49852.0;2.0822573595387337;3.75;1.8840630492383101;1.223506415269924;7.065236434643663;4.588149057262215;1.7479247409999998;18592.322328771123;22148.55084541652;5479.505230733662;10323.733333333334;1.4173587229159628;1.0359287658707894;0.3729503796993325;0.4442861037755059;0.10991545435957759;0.20708764609912006;1.368200951273467
146;2009;Comunicaciones;25630.0;69139.0;2.0822573595387337;3.75;1.8840630492383101;1.223506415269924;7.065236434643663;4.588149057262215;1.7479247409999998;12308.757072025724;14663.10270620513;3627.6209914683;6834.666666666667;1.3443744542998517;1.1645443826848576;0.17802914522954807;0.21208149823117387;0.05246851981469648;0.09885399943109774;1.1544209686541922
147;2009;Electricidad, gas y agua;11865.0;35518.0;2.0822573595387337;3.75;1.8840630492383101;1.223506415269924;7.065236434643663;4.588149057262215;1.7479247409999998;5698.142905173048;6788.049692123444;1679.3493196945524;3164.0;0.9451216965549216;1.100105308802577;0.16042972310301956;0.1911157636162916;0.04728164084955663;0.0890815924320063;0.8591192943006982
148;2009;Maquinarias, equipos y vehiculos;8992.0;44040.0;2.0822573595387337;3.75;1.8840630492383101;1.223506415269924;7.065236434643663;4.588149057262215;1.7479247409999998;4318.390307906957;5144.386247920271;1272.710415734801;2397.866666666667;1.1165028083617314;1.056748650269946;0.09805609236845951;0.11681167683742667;0.028898964934940985;0.05444747199515592;1.0565452892478466
149;2009;Minas y canteras;43746.0;28913.0;2.0822573595387337;3.75;1.8840630492383101;1.223506415269924;7.065236434643663;4.588149057262215;1.7479247409999998;21008.93042812475;25027.393327571193;6191.724849503404;11665.6;2.647669835570567;2.425994294344689;0.7266257540941704;0.8656103942023032;0.2141502040432817;0.4034724864247916;1.0913751288461944
150;2009;Resto industria;127581.0;729851.0;2.0822573595387337;3.75;1.8840630492383101;1.223506415269924;7.065236434643663;4.588149057262215;1.7479247409999998;61270.524229657196;72989.98464144974;18057.56978979778;34021.6;1.3975245529095823;1.4089978049896428;0.08394935984147064;0.10000669265569238;0.024741446938892707;0.04661444596225805;0.9918571540428023
151;2009;Total;230437.0;698965.0;2.0822573595387337;3.75;1.8840630492383101;1.223506415269924;7.065236434643663;4.588149057262215;1.7479247409999998;110666.91585666765;131834.6234221534;32615.610550564987;61449.86666666667;1.6415411952753793;1.2764595557552216;0.1583296958455254;0.18861405567110429;0.04666272352773742;0.0879155131754332;1.2860111296704233
152;2009;Total Manufactura;112350.0;281977.0;2.0822573595387337;3.75;1.8840630492383101;1.223506415269924;7.065236434643663;4.588149057262215;1.7479247409999998;53955.86644721382;64276.222748425535;15901.80329268293;29960.0;1.632069330936933;1.0581822548625939;0.19134846617707763;0.22794845944323663;0.05639397288673519;0.1062498005156449;1.542332923687951
153;2010;Alimentos, bebidas y tabaco;61661.0;130402.0;2.563041947849803;3.89;1.9955236223549513;1.4283430244428186;7.762586890960761;5.556254365082564;2.133751782;24057.741252236967;28897.925485130305;7943.357139332238;15851.156812339332;2.4524267818860723;1.2371402007475856;0.18448905118201384;0.22160645914273022;0.06091438121602612;0.12155608665771485;1.9823353734719047
154;2010;Combustibles, quimicos y plasticos;49688.0;51127.0;2.563041947849803;3.89;1.9955236223549513;1.4283430244428186;7.762586890960761;5.556254365082564;2.133751782;19386.338971816065;23286.682368193095;6400.958945510781;12773.264781491001;1.4901915079090644;1.0624233734388961;0.3791800608644369;0.4554674118996439;0.1251972332722589;0.2498340364482759;1.4026343406636006
155;2010;Comunicaciones;30468.0;53511.0;2.563041947849803;3.89;1.9955236223549513;1.4283430244428186;7.762586890960761;5.556254365082564;2.133751782;11887.437123516582;14279.074190832942;3924.980219606796;7832.390745501285;1.309165117222059;0.9013137948458818;0.2221494108410716;0.266843717942721;0.07334903514430297;0.14636973230740008;1.4525075780582244
156;2010;Electricidad, gas y agua;14707.0;43186.0;2.563041947849803;3.89;1.9955236223549513;1.4283430244428186;7.762586890960761;5.556254365082564;2.133751782;5738.103511079111;6892.55429055337;1894.6003705447401;3780.719794344473;0.9596722033787727;1.3376076317908692;0.1328695297336894;0.15960159057456977;0.043870707417791414;0.08754503298162536;0.7174541925227401
157;2010;Maquinarias, equipos y vehiculos;15065.0;49988.0;2.563041947849803;3.89;1.9955236223549513;1.4283430244428186;7.762586890960761;5.556254365082564;2.133751782;5877.781287441818;7060.333880953731;1940.7190169481546;3872.7506426735217;1.5323271282834077;1.1994721055788842;0.1175838458718456;0.14124057535716034;0.038823698026489446;0.07747360651903501;1.277501261727035
158;2010;Minas y canteras;57199.0;29301.0;2.563041947849803;3.89;1.9955236223549513;1.4283430244428186;7.762586890960761;5.556254365082564;2.133751782;22316.84114572748;26806.773160084464;7368.54875873996;14704.113110539845;2.8359119847590697;2.4585500922973655;0.7616409387299915;0.9148757093643378;0.2514777229016061;0.5018297365461877;1.1534896090358209
159;2010;Resto industria;174376.0;784440.0;2.563041947849803;3.89;1.9955236223549513;1.4283430244428186;7.762586890960761;5.556254365082564;2.133751782;68034.78193023261;81722.72026718804;22463.64548950225;44826.735218509;1.5647284852160281;1.5143833990034614;0.08673038336932412;0.10417969540970379;0.0286365375165752;0.05714488707677961;1.0332446104769084
160;2010;Total;304227.0;730924.0;2.563041947849803;3.89;1.9955236223549513;1.4283430244428186;7.762586890960761;5.556254365082564;2.133751782;118697.62812708675;142578.43980092337;39191.44536137313;78207.45501285346;1.7753180190142457;1.334823523825699;0.16239393989947895;0.19506602574402176;0.05361904296667387;0.1069980668480628;1.330002046956783
161;2010;Total Manufactura;148090.0;290594.0;2.563041947849803;3.89;1.9955236223549513;1.4283430244428186;7.762586890960761;5.556254365082564;2.133751782;57778.99972500888;69403.57414075261;19077.40320078674;38069.4087403599;1.7622604435837752;1.0905194897794523;0.19883067002418797;0.23883347261386198;0.0656496803126931;0.13100548786402988;1.6159825295191894
162;2011;Alimentos, bebidas y tabaco;81319.0;131402.0;3.163671681030504;4.11;2.250516835756798;1.6176849656438348;9.249624194960441;6.648685208796161;2.599721232;25703.994661516816;31279.892243461898;8791.60042462112;19785.644768856448;2.6545727482012182;1.2466273267176442;0.1956134203552215;0.23804730706885663;0.0669061386023129;0.15057339133998301;2.12940362473096
163;2011;Combustibles, quimicos y plasticos;66263.0;52981.0;3.163671681030504;4.11;2.250516835756798;1.6176849656438348;9.249624194960441;6.648685208796161;2.599721232;20944.967329358315;25488.502068747963;7163.858617748242;16122.384428223842;1.6310932030425624;1.1009496498555784;0.39532978481641184;0.48108759873818846;0.13521561725426554;0.30430502308797197;1.4815329686117142
164;2011;Comunicaciones;36557.0;54506.0;3.163671681030504;4.11;2.250516835756798;1.6176849656438348;9.249624194960441;6.648685208796161;2.599721232;11555.244565735808;14061.892309844397;3952.268679187819;8894.64720194647;1.289252975938739;0.9180731008927068;0.21199949667441764;0.2579879703123399;0.0725107085309474;0.16318657032155123;1.404303180961416
165;2011;Electricidad, gas y agua;17852.0;42415.0;3.163671681030504;4.11;2.250516835756798;1.6176849656438348;9.249624194960441;6.648685208796161;2.599721232;5642.810569453611;6866.890103546302;1930.0243581492177;4343.552311435523;0.9560988971914346;1.31372731214768;0.13303808957806462;0.161897680149624;0.045503344527860846;0.1024060429431928;0.7277757631668669
166;2011;Maquinarias, equipos y vehiculos;21283.0;59804.0;3.163671681030504;4.11;2.250516835756798;1.6176849656438348;9.249624194960441;6.648685208796161;2.599721232;6727.30995684972;8186.646990464707;2300.958347215427;5178.345498783455;1.7767745101984076;1.43500899820036;0.11248929765316233;0.13689129473722003;0.0384749907567291;0.08658861445360602;1.2381626264550638
167;2011;Minas y canteras;65112.0;31514.0;3.163671681030504;4.11;2.250516835756798;1.6176849656438348;9.249624194960441;6.648685208796161;2.599721232;20581.149551773666;25045.76229117784;7039.421129722824;15842.335766423357;2.6496131043007725;2.644235610001678;0.6530795694540098;0.7947503424248855;0.2233744091426929;0.5027078684528576;1.0020336668482772
168;2011;Resto industria;227456.0;835896.0;3.163671681030504;4.11;2.250516835756798;1.6176849656438348;9.249624194960441;6.648685208796161;2.599721232;71896.20887775267;87492.45772979094;24590.836903830856;55342.09245742092;1.6752004877440403;1.6137206487346354;0.08601094978053808;0.10466907094876748;0.02941853640145527;0.0662069114547993;1.0380981919377514
169;2011;Total;387151.0;772752.0;3.163671681030504;4.11;2.250516835756798;1.6176849656438348;9.249624194960441;6.648685208796161;2.599721232;122373.94996496386;148920.19776372702;41855.86266422965;94197.32360097324;1.854282532858782;1.4112103962701408;0.15836122063089303;0.19271408907867857;0.054164677236978556;0.12189851802515327;1.3139660377784137
170;2011;Total Manufactura;193349.0;305472.0;3.163671681030504;4.11;2.250516835756798;1.6176849656438348;9.249624194960441;6.648685208796161;2.599721232;61115.38095413882;74372.97415586904;20903.443850761432;47043.55231143552;1.8884409347674724;1.1463525385311082;0.20006868372269412;0.24346903858903285;0.06842998327428187;0.15400282942932744;1.6473474531554209
171;2012;Alimentos, bebidas y tabaco;95977.0;134723.0;3.9120057032833038;4.552518519;2.645295065688402;1.7692344305123848;12.042754774765772;8.054472509360052;3.1120078849999997;24533.962187081564;30840.860160609784;7969.688148189227;21082.1767334803;2.6173142246214627;1.278134072064209;0.18210670922620165;0.22892052701179297;0.05915610659047992;0.1564853568691337;2.047761875555398
172;2012;Combustibles, quimicos y plasticos;85188.0;60213.0;3.9120057032833038;4.552518519;2.645295065688402;1.7692344305123848;12.042754774765772;8.054472509360052;3.1120078849999997;21776.041872460115;27373.96663119316;7073.796784312323;18712.279729223876;1.7517502908575722;1.2512312199987532;0.36165017309318775;0.45461888016197766;0.11747956063162977;0.3107681020580917;1.4000212453612833
173;2012;Comunicaciones;45730.0;63643.0;3.9120057032833038;4.552518519;2.645295065688402;1.7692344305123848;12.042754774765772;8.054472509360052;3.1120078849999997;11689.655759351095;14694.692844584488;3797.303927156437;10044.989341426113;1.3472707700316533;1.071972376621189;0.18367543578007156;0.23089252305178085;0.059665696575529704;0.1578333727421101;1.2568148204324006
174;2012;Electricidad, gas y agua;20122.0;43845.0;3.9120057032833038;4.552518519;2.645295065688402;1.7692344305123848;12.042754774765772;8.054472509360052;3.1120078849999997;5143.653032793849;6465.92192037457;1670.8801579322508;4419.97103713484;0.900270824809533;1.358018955584464;0.11731447218140835;0.1474722755245654;0.03810879593869884;0.10080900985596625;0.6629294982278614
175;2012;Maquinarias, equipos y vehiculos;28272.0;61378.0;3.9120057032833038;4.552518519;2.645295065688402;1.7692344305123848;12.042754774765772;8.054472509360052;3.1120078849999997;7226.983328851392;9084.809886334848;2347.6356140075836;6210.188905768622;1.97170571234341;1.4727774445110977;0.11774550048635328;0.14801410743808607;0.038248812506233236;0.10117939499117962;1.3387669126056831
176;2012;Minas y canteras;78105.0;35400.0;3.9120057032833038;4.552518519;2.645295065688402;1.7692344305123848;12.042754774765772;8.054472509360052;3.1120078849999997;19965.461690009124;25097.944120408298;6485.642318621332;17156.437623268896;2.6551334656668186;2.9702970297029703;0.5639960929381108;0.708981472327918;0.18321023498930317;0.48464513060081627;0.8938949334411623
177;2012;Resto industria;270677.0;838523.0;3.9120057032833038;4.552518519;2.645295065688402;1.7692344305123848;12.042754774765772;8.054472509360052;3.1120078849999997;69191.36129398373;86978.2500567154;22476.33577719053;59456.5401261578;1.665355056868179;1.6187921458398087;0.08251575841567105;0.10372792404825557;0.026804674143929896;0.07090627225032325;1.0287639837813853
178;2012;Total;469456.0;794878.0;3.9120057032833038;4.552518519;2.645295065688402;1.7692344305123848;12.042754774765772;8.054472509360052;3.1120078849999997;120003.9150265018;150853.08821445997;38982.44286960753;103120.06377145283;1.8783499532258308;1.451617203664846;0.15097148873978372;0.18978143591149835;0.049042045281926946;0.12973068039554853;1.293970578802475
179;2012;Total Manufactura;236736.0;316631.0;3.9120057032833038;4.552518519;2.645295065688402;1.7692344305123848;12.042754774765772;8.054472509360052;3.1120078849999997;60515.24919846361;76071.78668829113;19657.960693184043;52001.10642317631;1.9315763231680814;1.1882292014575586;0.1911223133504414;0.24025375496489962;0.06208476331497561;0.1642325180515373;1.6255923695518384
180;2013;Alimentos, bebidas y tabaco;117475.0;135498.0;4.90914244141516;5.49;2.7039072200168492;1.8144801867546825;14.844450637892503;9.961496225283208;3.8389479840000003;23929.841393262865;30600.831396938247;7913.731728146873;21397.99635701275;2.5969441475806736;1.2854865946910043;0.17660660226175195;0.22583972750105719;0.058404786256231626;0.15792112324176558;2.020203212002306
181;2013;Combustibles, quimicos y plasticos;105007.0;66971.0;4.90914244141516;5.49;2.7039072200168492;1.8144801867546825;14.844450637892503;9.961496225283208;3.8389479840000003;21390.09027607877;27353.06663118361;7073.821898936103;19126.95810564663;1.7504128310152;1.3916630301519024;0.3193933236188614;0.40843150962631003;0.10562514967577165;0.2856006048236794;1.2577849616542156
182;2013;Comunicaciones;56025.0;66981.0;4.90914244141516;5.49;2.7039072200168492;1.8144801867546825;14.844450637892503;9.961496225283208;3.8389479840000003;11412.38020053247;14593.841915415751;3774.1376468987323;10204.918032786885;1.3380243359321717;1.1281960586154625;0.1703823502266683;0.21788032300825236;0.05634639146771073;0.15235541471143885;1.1859856500245298
183;2013;Electricidad, gas y agua;26134.0;44956.0;4.90914244141516;5.49;2.7039072200168492;1.8144801867546825;14.844450637892503;9.961496225283208;3.8389479840000003;5323.53670969595;6807.594192190544;1760.5232175645065;4760.2914389799635;0.9478429393123471;1.3924301554853498;0.11841660089189318;0.15142793380617814;0.039161028951964286;0.1058877889265051;0.680711298572792
184;2013;Maquinarias, equipos y vehiculos;39421.0;63020.0;4.90914244141516;5.49;2.7039072200168492;1.8144801867546825;14.844450637892503;9.961496225283208;3.8389479840000003;8030.119408927988;10268.698655021943;2655.6051794448003;7180.510018214936;2.228648926038032;1.5121775644871025;0.1274217614872737;0.16294348865474362;0.04213908567827357;0.11394017801039251;1.4738010789056648
185;2013;Minas y canteras;91848.0;38724.0;4.90914244141516;5.49;2.7039072200168492;1.8144801867546825;14.844450637892503;9.961496225283208;3.8389479840000003;18709.58137721564;23925.304636271412;6187.362687949215;16730.05464480874;2.5310789087454664;3.249202886390334;0.48315208597292736;0.6178417683160679;0.1597810837710261;0.43203322603059446;0.7789845685990204
186;2013;Resto industria;344133.0;852766.0;4.90914244141516;5.49;2.7039072200168492;1.8144801867546825;14.844450637892503;9.961496225283208;3.8389479840000003;70100.43079964018;89642.52744092402;23182.6026031272;62683.60655737705;1.7163674399846265;1.6462886564104149;0.08220359488961823;0.10511972503702542;0.02718518632676162;0.07350622158643408;1.0425677376208204
187;2013;Total;585038.0;817270.0;4.90914244141516;5.49;2.7039072200168492;1.8144801867546825;14.844450637892503;9.961496225283208;3.8389479840000003;119173.15640801634;152395.3964571352;39411.22607168836;106564.29872495445;1.8975540321729607;1.4925097839406407;0.1458185867681627;0.18646884928742669;0.04822301818455145;0.13039056704021249;1.2713846519403649
188;2013;Total Manufactura;298184.0;326900.0;4.90914244141516;5.49;2.7039072200168492;1.8144801867546825;14.844450637892503;9.961496225283208;3.8389479840000003;60740.5475718978;77673.36292202285;20087.237128118726;54314.02550091074;1.9722427366638098;1.2267659387630268;0.18580773194217742;0.23760588229434948;0.06144765104961372;0.16614874732612647;1.6076764722147916
189;2014;Alimentos, bebidas y tabaco;169609.0;139419.0;6.802796220329471;8.1236;2.6256536160227677;1.6721521353828568;21.329759715122556;13.583895086996176;5.441769483000001;24932.24763857259;31167.986907540966;7951.753899963025;20878.55138116106;2.645075885078996;1.3226856156196043;0.17882962608089709;0.2235562362916171;0.05703493713168955;0.14975398891945188;1.9997767072109014
190;2014;Combustibles, quimicos y plasticos;156136.0;68983.0;6.802796220329471;8.1236;2.6256536160227677;1.6721521353828568;21.329759715122556;13.583895086996176;5.441769483000001;22951.738512084677;28692.137821671116;7320.101214703387;19220.050224038605;1.8361044072130936;1.4334725598985931;0.3327158649534621;0.4159305600172668;0.10611456757032003;0.27862009805370314;1.280878656891056
191;2014;Comunicaciones;72790.0;66468.0;6.802796220329471;8.1236;2.6256536160227677;1.6721521353828568;21.329759715122556;13.583895086996176;5.441769483000001;10700.011824913176;13376.163806165398;3412.6029065574858;8960.31316165247;1.2263825247523614;1.11955533097524;0.16097989746815272;0.2012421587254829;0.05134204288616305;0.13480642055805003;1.0954193069529352
192;2014;Electricidad, gas y agua;33924.0;44772.0;6.802796220329471;8.1236;2.6256536160227677;1.6721521353828568;21.329759715122556;13.583895086996176;5.441769483000001;4986.772924142802;6234.001661771603;1590.4539222703138;4175.9810921266435;0.8679798313404319;1.3867310908753019;0.11138150907135715;0.13923884708683112;0.035523405750699406;0.09327215876276788;0.6259179137554093
193;2014;Maquinarias, equipos y vehiculos;39830.0;58662.0;6.802796220329471;8.1236;2.6256536160227677;1.6721521353828568;21.329759715122556;13.583895086996176;5.441769483000001;5854.945335709463;7319.310405269513;1867.3440550650453;4902.998670540155;1.5885336420954732;1.4076064787042593;0.09980814387012824;0.1247708977748715;0.031832260322952596;0.08358048942313857;1.128535330100045
194;2014;Minas y canteras;133899.0;44203.0;6.802796220329471;8.1236;2.6256536160227677;1.6721521353828568;21.329759715122556;13.583895086996176;5.441769483000001;19682.935614013593;24605.78317738344;6277.567201334535;16482.717022009947;2.603067328932661;3.70892767242826;0.4452850624168856;0.556654145134571;0.14201676812285444;0.37288684075763967;0.701838255915197
195;2014;Resto industria;454160.0;850225.0;6.802796220329471;8.1236;2.6256536160227677;1.6721521353828568;21.329759715122556;13.583895086996176;5.441769483000001;66760.78266798418;83458.14746816976;21292.31674738491;55906.24846127333;1.5979563607262501;1.6413831847148515;0.07852131220322171;0.09816007229635657;0.02504315533815744;0.06575465137025296;0.9735425436345349
196;2014;Total;806579.0;822951.0;6.802796220329471;8.1236;2.6256536160227677;1.6721521353828568;21.329759715122556;13.583895086996176;5.441769483000001;118565.80351321123;148219.98662746366;37814.725096417504;99288.36968831554;1.8455638412455304;1.5028845047582002;0.14407395277873317;0.18010791241211646;0.045950153893023406;0.12064918772601957;1.2280144185414061
197;2014;Total Manufactura;418911.0;328967.0;6.802796220329471;8.1236;2.6256536160227677;1.6721521353828568;21.329759715122556;13.583895086996176;5.441769483000001;61579.236894988375;76980.6588295721;19639.743044221774;51567.1623418189;1.9546539447846065;1.2345228221996225;0.1871897086789507;0.23400723728997772;0.059701255883483066;0.15675481839156785;1.5833275089251762
198;2015;Alimentos, bebidas y tabaco;207370.0;139551.0;8.56869511954671;9.43;2.687444409628227;1.8053785023032782;25.34260078279418;17.024719276719914;6.7414957609999995;24200.884394515604;30760.235910797306;8182.664509350179;21990.45599151644;2.6104720355649738;1.323937916247652;0.17341964152543232;0.22042289851593544;0.05863565656534299;0.15758006744141168;1.9717480733263226
199;2015;Combustibles, quimicos y plasticos;183376.0;66427.0;8.56869511954671;9.43;2.687444409628227;1.8053785023032782;25.34260078279418;17.024719276719914;6.7414957609999995;21400.691405356094;27201.085115389724;7235.87928372763;19446.023329798514;1.740687033213082;1.380358664256177;0.3221685670789904;0.4094883874838503;0.10892979185764266;0.2927427601697881;1.261039669100112
200;2015;Comunicaciones;99369.0;69528.0;8.56869511954671;9.43;2.687444409628227;1.8053785023032782;25.34260078279418;17.024719276719914;6.7414957609999995;11596.74823454994;14739.903950523303;3921.0261350707333;10537.539766702015;1.3514159129180265;1.1710965133906013;0.16679248985372713;0.21199953904216004;0.056394921974898364;0.15155821779286066;1.1539748410704067
201;2015;Electricidad, gas y agua;43560.0;45080.0;8.56869511954671;9.43;2.687444409628227;1.8053785023032782;25.34260078279418;17.024719276719914;6.7414957609999995;5083.621180619664;6461.474062180309;1718.8448957288606;4619.300106044539;0.8996515354004597;1.3962708294616861;0.1127688815576678;0.143333497386431;0.03812876876062246;0.1024689464517422;0.6443245224476318
202;2015;Maquinarias, equipos y vehiculos;66772.0;59569.0;8.56869511954671;9.43;2.687444409628227;1.8053785023032782;25.34260078279418;17.024719276719914;6.7414957609999995;7792.551732606433;9904.626861338465;2634.7729884666546;7080.805938494168;2.1496332455460734;1.429370125974805;0.1308155539392374;0.16627149794924315;0.04423060632991413;0.11886729571579459;1.5039024577906732
203;2015;Minas y canteras;138500.0;49383.0;8.56869511954671;9.43;2.687444409628227;1.8053785023032782;25.34260078279418;17.024719276719914;6.7414957609999995;16163.487913586398;20544.402149035188;5465.106016034141;14687.168610816543;2.1734102768068975;4.143564356435643;0.32730874822482225;0.41602175139289205;0.11066776048506857;0.2974134542416731;0.5245267334707208
204;2015;Resto industria;608030.0;880134.0;8.56869511954671;9.43;2.687444409628227;1.8053785023032782;25.34260078279418;17.024719276719914;6.7414957609999995;70959.46249890207;90192.15045976797;23992.407299128077;64478.260869565216;1.7268909613615924;1.6991233472267;0.08062347608307606;0.10247547584773224;0.027259948256888242;0.07325959554972904;1.0163423180431335
205;2015;Total;1003364.0;842452.0;8.56869511954671;9.43;2.687444409628227;1.8053785023032782;25.34260078279418;17.024719276719914;6.7414957609999995;117096.47571788954;148834.0326199606;39591.99012759625;106401.27253446447;1.8532096460145082;1.5384975008263617;0.1389948337921799;0.17666767082274196;0.0469961376168568;0.1262995073125406;1.2045581127165352
206;2015;Total Manufactura;521252.0;325849.0;8.56869511954671;9.43;2.687444409628227;1.8053785023032782;25.34260078279418;17.024719276719914;6.7414957609999995;60832.13286594034;77319.9329168873;20568.212570901287;55275.92788971368;1.9632686207722727;1.2228218243499342;0.18668810665658123;0.23728761762929237;0.06312191404884253;0.16963663503559526;1.6055230465124943
207;2017;Alimentos, bebidas y tabaco;318010.524911;137557.0;15.342177333550014;16.556716666666663;2.8553079528392846;1.7802410014029917;47.27452477124005;29.474945858612262;11.28103968;20727.861371774132;28189.824159097367;6726.889935961133;19207.342332024367;2.392333656614994;1.305020587063355;0.15068561666635746;0.20493194936715228;0.048902563562458715;0.13963187865411697;1.8331769478046196
208;2017;Combustibles, quimicos y plasticos;294535.767356;63237.0;15.342177333550014;16.556716666666663;2.8553079528392846;1.7802410014029917;47.27452477124005;29.474945858612262;11.28103968;19197.7814460477;26108.92042851143;6230.327407440887;17789.503395258525;1.670795817457624;1.3140701951249922;0.3035846331427439;0.4128741152886985;0.09852344999669319;0.28131479031672163;1.2714661847259239
209;2017;Comunicaciones;179493.847442;67721.0;15.342177333550014;16.556716666666663;2.8553079528392846;1.7802410014029917;47.27452477124005;29.474945858612262;11.28103968;11699.372490597269;15911.1085975721;3796.840863246434;10841.149912492716;1.4587968431207021;1.140660266127674;0.17275841305647094;0.2349508807839828;0.05606593026160916;0.16008549655930532;1.2789056360076798
210;2017;Electricidad, gas y agua;117010.747612;57067.0;15.342177333550014;16.556716666666663;2.8553079528392846;1.7802410014029917;47.27452477124005;29.474945858612262;11.28103968;7626.736744602925;10372.337207486891;2475.133238847167;7067.267621217172;1.444173419966984;1.7675463048999567;0.1336453071758271;0.18175718379250513;0.043372408552178436;0.12384158307282969;0.8170498368068068
211;2017;Maquinarias, equipos y vehiculos;100151.035164;52811.0;15.342177333550014;16.556716666666663;2.8553079528392846;1.7802410014029917;47.27452477124005;29.474945858612262;11.28103968;6527.824114312081;8877.819598627633;2118.4990361855084;6048.967146102842;1.9267819398288293;1.2672105578884223;0.12360728095116702;0.16810550072196387;0.040114730571008096;0.1145399092254046;1.5204907565159997
212;2017;Minas y canteras;211559.770066;40095.0;15.342177333550014;16.556716666666663;2.8553079528392846;1.7802410014029917;47.27452477124005;29.474945858612262;11.28103968;13789.422809197014;18753.57024415679;4475.132665843414;12777.881890793567;1.983956602863936;3.3642389662695082;0.3439187631674028;0.46772840115118564;0.11161323521245575;0.3186901581442466;0.5897192865178299
213;2017;Resto industria;428446.7925519999;432336.0;15.342177333550014;16.556716666666663;2.8553079528392846;1.7802410014029917;47.27452477124005;29.474945858612262;11.28103968;27926.074848260272;37979.371113425594;9062.952924968375;25877.521562870257;0.7271833785937755;0.834636761500638;0.06459345242649299;0.0878468855552755;0.02096275333298262;0.0598551163050735;0.871257308731925
214;2017;Total;1649208.4851029997;850824.0;15.342177333550014;16.556716666666663;2.8553079528392846;1.7802410014029917;47.27452477124005;29.474945858612262;11.28103968;107495.07382479138;146192.95134887777;34885.77607249291;99609.63386075944;1.8203241748536432;1.5537865630838177;0.12634231500849927;0.17182513815886455;0.04100234134497018;0.11707431132732438;1.1715406852539807
215;2017;Total Manufactura;797712.006799;306250.0;15.342177333550014;16.556716666666663;2.8553079528392846;1.7802410014029917;47.27452477124005;29.474945858612262;11.28103968;51994.7064524262;70712.63194058723;16874.035448459894;48180.567612479535;1.7954993769899268;1.1492721589054051;0.16977863331404475;0.23089839001008078;0.05509889126027721;0.15732430240809644;1.5622925893375894
216;2018;Alimentos, bebidas y tabaco;526944.7717316492;133637.0;20.59241032452324;28.112430345117847;2.2739457489217654;1.3737089798793134;63.926141475139964;38.61829801132009;17.95541733;25589.271164828984;29347.397615271646;8243.024834160702;18744.19127989627;2.4905713016453612;1.267831053260725;0.19148343022388248;0.21960533097324578;0.06168220503423978;0.14026198792173028;1.9644346896535463
217;2018;Combustibles, quimicos y plasticos;462858.979532937;60933.0;20.59241032452324;28.112430345117847;2.2739457489217654;1.3737089798793134;63.926141475139964;38.61829801132009;17.95541733;22477.16378212045;25778.235672617306;7240.527409478277;16464.56652273465;1.6496342106972945;1.2661928807430958;0.3688832616500164;0.42305869844940025;0.11882768630263202;0.27020771212207917;1.3028301104719267
218;2018;Comunicaciones;227956.78961412792;67747.0;20.59241032452324;28.112430345117847;2.2739457489217654;1.3737089798793134;63.926141475139964;38.61829801132009;17.95541733;11069.942081654088;12695.711017156733;3565.9400732449544;8108.754270465132;1.1639957731057802;1.1410981977429677;0.16340121454313974;0.18739886662371372;0.05263613257037145;0.11969170989807862;1.0200662619642225
219;2018;Electricidad, gas y agua;194771.80949253362;55472.0;20.59241032452324;28.112430345117847;2.2739457489217654;1.3737089798793134;63.926141475139964;38.61829801132009;17.95541733;9458.426984653775;10847.52339156762;3046.8256803561;6928.316303551419;1.5103351001030272;1.718144087220467;0.1705081299512146;0.19554952753763377;0.05492547015352069;0.12489753936312768;0.8790503144275732
220;2018;Maquinarias, equipos y vehiculos;167449.33980381515;53103.0;20.59241032452324;28.112430345117847;2.2739457489217654;1.3737089798793134;63.926141475139964;38.61829801132009;17.95541733;8131.604662345032;9325.83947932193;2619.418847122722;5956.416352060265;2.0240171455249985;1.2742171565686862;0.15312891291160635;0.17561794021659663;0.049327134947606016;0.11216722882059893;1.5884397216683486
221;2018;Minas y canteras;480223.9363763934;41872.0;20.59241032452324;28.112430345117847;2.2739457489217654;1.3737089798793134;63.926141475139964;38.61829801132009;17.95541733;23320.433538783018;26745.35086266321;7512.168344512803;17082.263272189542;2.8294140661790097;3.5133411646249373;0.5569457761459452;0.6387407065022739;0.17940791804816592;0.4079638725685313;0.8053342768609437
222;2018;Resto industria;622108.2548986035;414425.0;20.59241032452324;28.112430345117847;2.2739457489217654;1.3737089798793134;63.926141475139964;38.61829801132009;17.95541733;30210.560351827426;34647.38487916858;9731.672216452063;22129.294666501224;0.6633865084450106;0.8000590741573728;0.07289753357501942;0.08360351059701654;0.023482348353627468;0.0533975862134312;0.8291719072665895
223;2018;Total;2682313.88145006;827189.0;20.59241032452324;28.112430345117847;2.2739457489217654;1.3737089798793134;63.926141475139964;38.61829801132009;17.95541733;130257.40256621277;149387.44291776704;41959.577405327625;95413.8026673985;1.8601004443355982;1.5106239990065398;0.1574699404443395;0.1805965056568294;0.05072550215891124;0.11534703999617801;1.2313457521917375
224;2018;Total Manufactura;1327301.5010026395;300586.0;20.59241032452324;28.112430345117847;2.2739457489217654;1.3737089798793134;63.926141475139964;38.61829801132009;17.95541733;64455.85922605539;73922.06355376534;20763.047328905493;47214.04320822606;1.8769916408727751;1.1280167221444575;0.2144340030009894;0.24592650207849115;0.06907523081216521;0.15707332746111283;1.663975013867216
225;2019;Alimentos, bebidas y tabaco;787440.418027;130560.0;31.4315481565974;48.25485833333334;2.0687401540599253;1.1998081427071416;99.82676306263988;57.89657195351291;26.9417363;25052.54956274619;29227.53044787986;7888.069229820588;16318.365553734398;2.480398756500842;1.2386391666508547;0.1918853367244653;0.22386282512162883;0.06041719691958171;0.12498748126328431;2.0025192350469347
226;2019;Combustibles, quimicos y plasticos;703011.912068;60755.0;31.4315481565974;48.25485833333334;2.0687401540599253;1.1998081427071416;99.82676306263988;57.89657195351291;26.9417363;22366.442421654614;26093.78639297275;7042.31901846672;14568.728131201986;1.669827340674047;1.2624940257257444;0.3681415919949735;0.4294919988967616;0.11591340660796182;0.23979471864376573;1.3226417762366416
227;2019;Comunicaciones;326049.647017;65871.0;31.4315481565974;48.25485833333334;2.0687401540599253;1.1998081427071416;99.82676306263988;57.89657195351291;26.9417363;10373.324450725888;12102.027997987643;3266.154656466307;6756.825287201651;1.1095644361019972;1.109499747347145;0.15747938319937282;0.1837231558347018;0.049584106153941904;0.10257663140382947;1.000058304434054
228;2019;Electricidad, gas y agua;273258.47711;55245.0;31.4315481565974;48.25485833333334;2.0687401540599253;1.1998081427071416;99.82676306263988;57.89657195351291;26.9417363;8693.764486196449;10142.5711419349;2737.3268322697604;5662.817932702112;1.4121823616314468;1.711113175989593;0.15736744476778802;0.18359256298189702;0.049548861114485664;0.10250371857547491;0.8253003842453235
229;2019;Maquinarias, equipos y vehiculos;210692.184125;47927.0;31.4315481565974;48.25485833333334;2.0687401540599253;1.1998081427071416;99.82676306263988;57.89657195351291;26.9417363;6703.2073340866045;7820.289745950784;2110.5781421841116;4366.23775101747;1.6972628109108931;1.1500179964007198;0.13986286089441452;0.1631708587216138;0.044037351434141746;0.09110183719025748;1.4758576093790865
230;2019;Minas y canteras;706772.54841;44632.0;31.4315481565974;48.25485833333334;2.0687401540599253;1.1998081427071416;99.82676306263988;57.89657195351291;26.9417363;22486.0877004447;26233.37043091763;7079.990643055413;14646.660933657284;2.775251208393823;3.7449236449068635;0.5038108912987251;0.5877704434243957;0.1586303693102575;0.3281650146454849;0.7410701716624302
231;2019;Resto industria;891317.4146429999;411323.0;31.4315481565974;48.25485833333334;2.0687401540599253;1.1998081427071416;99.82676306263988;57.89657195351291;26.9417363;28357.413710654742;33083.146710295725;8928.64185212247;18471.039920705734;0.6334363548953589;0.7940705762433083;0.06894195975098583;0.08043106441967925;0.021707130046514464;0.04490641155662517;0.7977078786776125
232;2019;Total;3898542.6013999996;816313.0;31.4315481565974;48.25485833333334;2.0687401540599253;1.1998081427071416;99.82676306263988;57.89657195351291;26.9417363;124032.78966650917;144702.72286793927;39053.08037438537;80790.67551022062;1.8017685680006552;1.4907620972970208;0.15194268579149073;0.17726377366027402;0.04784081642015424;0.09897021793138247;1.2086224698545371
233;2019;Total Manufactura;1944288.433708;288817.0;31.4315481565974;48.25485833333334;2.0687401540599253;1.1998081427071416;99.82676306263988;57.89657195351291;26.9417363;61857.8640804207;72166.41169886292;19476.625045810477;40292.07629783736;1.8324130171505377;1.0838508967137384;0.21417667270424076;0.24986898866362758;0.06743586785338286;0.139507287652172;1.690650460046172
234;2020;Alimentos, bebidas y tabaco;1075673.365558;133622.0;44.11803428009902;70.63476524170274;2.253124766700758;1.1346104260750742;159.1489389561743;80.14294108660118;39.06634575;24381.715620616855;27534.527351025656;6758.910066338639;15228.667666370651;2.3367217946830205;1.2676887463711743;0.18246782431498446;0.2060628291076743;0.050582314786028044;0.11396826620145374;1.8432930018287292
235;2020;Combustibles, quimicos y plasticos;805369.000672;59111.0;44.11803428009902;70.63476524170274;2.253124766700758;1.1346104260750742;159.1489389561743;80.14294108660118;39.06634575;18254.870458616282;20615.416804680277;5060.473578738585;11401.878351490725;1.3192484257139858;1.228331567026162;0.3088235769757961;0.34875770676659634;0.08560967635023237;0.19288928205394468;1.0740165449854366
236;2020;Comunicaciones;441835.766388;64485.0;44.11803428009902;70.63476524170274;2.253124766700758;1.1346104260750742;159.1489389561743;80.14294108660118;39.06634575;10014.85613757967;11309.882148063463;2776.2407295072867;6255.216745976248;1.0369371984664693;1.0861546235472461;0.15530520489384617;0.17538779790747402;0.043052504140610785;0.0970026633476971;0.9546865390859003
237;2020;Electricidad, gas y agua;388037.632345;57884.0;44.11803428009902;70.63476524170274;2.253124766700758;1.1346104260750742;159.1489389561743;80.14294108660118;39.06634575;8795.442468751105;9932.785493380832;2438.204331678617;5493.578565982162;1.382973240150742;1.7928513906956576;0.15194945872350055;0.171598118536743;0.042122250219034915;0.094906685197674;0.7713819713825384
238;2020;Maquinarias, equipos y vehiculos;254407.872441;47858.0;44.11803428009902;70.63476524170274;2.253124766700758;1.1346104260750742;159.1489389561743;80.14294108660118;39.06634575;5766.527829091415;6512.200400545526;1598.5521116861337;3601.7373537018243;1.4133639438062968;1.1483623275344932;0.12049245328035887;0.13607339212974895;0.03340198319374261;0.07525883559074396;1.2307648116955872
239;2020;Minas y canteras;675237.182437;39998.0;44.11803428009902;70.63476524170274;2.253124766700758;1.1346104260750742;159.1489389561743;80.14294108660118;39.06634575;15305.241800892958;17284.37020339943;4242.80040360774;9559.558669536573;1.8285286452089544;3.356100016781339;0.3826501775312005;0.4321308616280672;0.1060753138558863;0.23900091678425353;0.5448373517075934
240;2020;Resto industria;1134798.9852999998;389188.0;44.11803428009902;70.63476524170274;2.253124766700758;1.1346104260750742;159.1489389561743;80.14294108660118;39.06634575;25721.884572085084;29047.99421379205;7130.421306877173;16065.728843535746;0.5561761017757019;0.7513383385489766;0.06609115535958222;0.07463743541371279;0.018321277395184778;0.04128012385668558;0.740247200548581
241;2020;Total;4775359.805141;792146.0;44.11803428009902;70.63476524170274;2.253124766700758;1.1346104260750742;159.1489389561743;80.14294108660118;39.06634575;108240.53888763337;122237.17661488724;30005.602528434178;67606.36619659394;1.5220384129664932;1.4466279874575634;0.13664215799566415;0.1543114231655367;0.03787887905567178;0.08534584053519671;1.052128415987211
242;2020;Total Manufactura;2437003.287394;288746.0;44.11803428009902;70.63476524170274;2.253124766700758;1.1346104260750742;159.1489389561743;80.14294108660118;39.06634575;55238.25635389417;62381.14265893426;15312.720922789758;34501.470756714494;1.583950416018217;1.0835844532091432;0.19130397080442385;0.21604158207883142;0.053031802770565684;0.11948726824515143;1.4617692338859145
243;2021;Alimentos, bebidas y tabaco;1692653.3451562403;134465.0;64.94087545664176;95.09325;1.9041550487208627;1.159401326959528;181.07229208677518;110.25124023489414;61.80601691;26064.529208362033;27386.546323168335;9347.942336451293;17799.93159510523;2.3241633625521376;1.2756863935639338;0.19383876256544108;0.20367044452584937;0.06951952059235707;0.13237594612059073;1.8218924135884476
244;2021;Combustibles, quimicos y plasticos;1245520.9632406284;61303.0;64.94087545664176;95.09325;1.9041550487208627;1.159401326959528;181.07229208677518;110.25124023489414;61.80601691;19179.30663057059;20152.09886529846;6878.5839560905215;13097.89036804009;1.2895991846665895;1.2738815119589386;0.31286081644569746;0.32872940745637996;0.1122063187134483;0.2136582282765948;1.0123384102525208
245;2021;Comunicaciones;569013.2253962541;64965.0;64.94087545664176;95.09325;1.9041550487208627;1.159401326959528;181.07229208677518;110.25124023489414;61.80601691;8762.019627779115;9206.437396294821;3142.464365136363;5983.739386299807;0.8440846046486424;1.0942395149065185;0.13487292584898197;0.14171380583844873;0.04837165189157797;0.09210712516431628;0.7713892554142985
246;2021;Electricidad, gas y agua;493068.36767269584;56517.0;64.94087545664176;95.09325;1.9041550487208627;1.159401326959528;181.07229208677518;110.25124023489414;61.80601691;7592.573463255765;7977.675836815155;2723.0470327089192;5185.103755237053;1.1107571192657713;1.7505110574242706;0.1343414098988935;0.14115533090601332;0.048181025757009735;0.09174414344776001;0.6345330493942476
247;2021;Maquinarias, equipos y vehiculos;440824.3353131817;49836.0;64.94087545664176;95.09325;1.9041550487208627;1.159401326959528;181.07229208677518;110.25124023489414;61.80601691;6788.087351971428;7132.385443234376;2434.5212082582225;4635.70584992291;1.547964712196496;1.1958248350329934;0.13620851095536216;0.14311713306112803;0.04885065431130553;0.09301922004019002;1.294474463857231
248;2021;Minas y canteras;1316020.4447101052;44224.0;64.94087545664176;95.09325;1.9041550487208627;1.159401326959528;181.07229208677518;110.25124023489414;61.80601691;20264.901503965026;21292.75611833154;7267.928348084473;13839.26245774653;2.2525792979231585;3.7106897130391006;0.4582331201149834;0.48147512930380654;0.16434353174937757;0.3129355657051947;0.6070513764618353
249;2021;Resto industria;1641216.3022368972;372674.0;64.94087545664176;95.09325;1.9041550487208627;1.159401326959528;181.07229208677518;110.25124023489414;61.80601691;25272.46962250558;26554.31273991957;9063.873237161974;17259.01998550788;0.5084300842365573;0.7194575988478609;0.06781387921482471;0.0712534621141254;0.02432118483490121;0.04631130689425041;0.7066852654704837
250;2021;Total;7398316.983726001;783984.0;64.94087545664176;95.09325;1.9041550487208627;1.159401326959528;181.07229208677518;110.25124023489414;61.80601691;113923.88740840952;119702.21272306224;40858.36048389176;77800.65339785948;1.4904742642705817;1.4317224301062308;0.1453140464708585;0.15268450978982;0.05211631931760311;0.09923755254936259;1.0410357712702676
251;2021;Total Manufactura;3873365.5824511396;294295.0;64.94087545664176;95.09325;1.9041550487208627;1.159401326959528;181.07229208677518;110.25124023489414;61.80601691;59644.492859312;62669.71689975451;21391.266094952334;40732.2873332349;1.5912777471525386;1.104408326547155;0.20266906627469716;0.21294862943561566;0.07268647477854648;0.13840631792329092;1.4408418597562935
