,year,sector,vab,emp,IPC,TCC,index_TCP_1,index_TCP_2,TCP_1,TCP_2,ipi_empalme_04,vab_ipc,vab_ipi,vab_tcp_1,vab_tcc,vab_ipi_index,emp_index,productividad_ipc_level,productividad_ipi_level,productividad_tcp_1_level,productividad_tcc_level,productividad_ipi_index_1
0,1993,"Alimentos, bebidas y tabaco",56360000000.0,110921.0,0.6327443694044567,0.99,1.997278184582081,2.0914715565656103,1.9773054027362602,2.0705568409999544,0.4707418028,89072305855.59602,119725929723.61366,28503437011.807674,56929292929.29293,1.016055898861959,1.0523214997248733,803024.7280099893,1079380.1870125013,256970.60981967053,513241.79307158187,0.9655375273883544
1,1993,"Combustibles, quimicos y plasticos",56240000000.0,54652.0,0.6327443694044567,0.99,1.997278184582081,2.0914715565656103,1.9773054027362602,2.0705568409999544,0.4707418028,88882655807.6423,119471012910.85934,28442748359.546906,56808080808.08081,0.7645343637453119,1.1356731708330736,1626338.5751233678,2186031.854476677,520433.8058908531,1039451.0870248263,0.6731992824876609
2,1993,Comunicaciones,36516000000.0,71426.0,0.6327443694044567,0.99,1.997278184582081,2.0914715565656103,1.9773054027362602,2.0705568409999544,0.4707418028,57710509592.31626,77571186121.14046,18467556882.9519,36884848484.84849,0.7112050096114325,1.2030655213070574,807976.2214363994,1086035.7029812736,258555.10434508303,516406.469420778,0.5911606616726507
3,1993,"Electricidad, gas y agua",30762000000.0,54362.0,0.6327443694044567,0.99,1.997278184582081,2.0914715565656103,1.9773054027362602,2.0705568409999544,0.4707418028,48616789792.9355,65347924949.57068,15557536007.048042,31072727272.727272,0.9098598934292946,1.6837638604968097,894315.6946568467,1202088.3144396946,286184.0257357721,571589.1113779345,0.5403726227743315
4,1993,"Maquinarias, equipos y vehiculos",22890000000.0,47257.0,0.6327443694044567,0.99,1.997278184582081,2.0914715565656103,1.9773054027362602,2.0705568409999544,0.4707418028,36175746647.17163,48625382032.88709,11576360418.74162,23121212121.21212,1.055332414422198,1.1339412117576484,765510.8586489119,1028956.1765005627,244966.045638564,489265.3389172423,0.9306764790622576
5,1993,Minas y canteras,24506000000.0,8703.0,0.6327443694044567,0.99,1.997278184582081,2.0914715565656103,1.9773054027362602,2.0705568409999544,0.4707418028,38729700626.28169,52058261777.978645,12393634269.186638,24753535353.535355,0.5507289057144746,0.7302399731498573,4450155.190886096,5981645.613923779,1424064.6063640858,2844253.171726457,0.7541752382287842
6,1993,Resto industria,195798000000.0,571440.0,0.6327443694044567,0.99,1.997278184582081,2.0914715565656103,1.9773054027362602,2.0705568409999544,0.4707418028,309442500743.6833,415935017530.591,99022639461.28316,197775757575.75757,0.7963824109147434,1.1031809310164422,541513.5460305251,727871.7232440694,173286.15333417885,346100.6537445008,0.7218964618804437
7,1993,Total,305230000000.0,610258.0,0.6327443694044567,0.99,1.997278184582081,2.0914715565656103,1.9773054027362602,2.0705568409999544,0.4707418028,482390701140.9435,648402156308.3499,154366644412.95346,308313131313.1313,0.8073591163356592,1.1144616047671485,790470.0981239795,1062504.9672570452,252953.0860930188,505217.6805762994,0.7244387001599268
8,1993,Total Manufactura,162876000000.0,293052.0,0.6327443694044567,0.99,1.997278184582081,2.0914715565656103,1.9773054027362602,2.0705568409999544,0.4707418028,257412010087.58087,345998589951.4425,82372707713.54129,164521212121.21213,0.8785421156706121,1.0997436888540302,878383.3930073191,1180673.0203221356,281085.6357013134,561406.2081856193,0.7988607932690958
9,1994,"Alimentos, bebidas y tabaco",60258000000.0,104346.0,0.6591762379277952,1,1.8254204172054214,2.102388879797266,1.8254204172054214,2.102388879797266,0.47903425740000005,91414096159.5168,125790586099.32307,33010477713.539753,60258000000.0,1.0675236961831853,0.9899436464717378,876067.0860360416,1205514.213283912,316355.9476505065,577482.605945604,1.0783681475081444
10,1994,"Combustibles, quimicos y plasticos",62279000000.0,49449.0,0.6591762379277952,1,1.8254204172054214,2.102388879797266,1.8254204172054214,2.102388879797266,0.47903425740000005,94480044055.86888,130009491049.81483,34117619926.342434,62279000000.0,0.8319735565880293,1.027554391870831,1910656.3136942887,2629163.199454283,689955.7104560746,1259459.2408339905,0.809663763952471
11,1994,Comunicaciones,42993000000.0,61535.0,0.6591762379277952,1,1.8254204172054214,2.102388879797266,1.8254204172054214,2.102388879797266,0.47903425740000005,65222314650.10631,89749322383.22209,23552382560.626217,42993000000.0,0.822859245551531,1.0364662287350515,1059922.2336898725,1458508.529832162,382747.74617089814,698675.5504997156,0.7939084002339221
12,1994,"Electricidad, gas y agua",33293000000.0,43995.0,0.6591762379277952,1,1.8254204172054214,2.102388879797266,1.8254204172054214,2.102388879797266,0.47903425740000005,50506978383.597084,69500248647.56154,18238538194.378822,33293000000.0,0.9676740137744078,1.3626649321687418,1148016.3287554742,1579730.6204696337,414559.34070641716,756745.0846687123,0.7101334971865105
13,1994,"Maquinarias, equipos y vehiculos",25305000000.0,47084.0,0.6591762379277952,1,1.8254204172054214,2.102388879797266,1.8254204172054214,2.102388879797266,0.47903425740000005,38388823115.87794,52825032049.57633,13862559967.82375,25305000000.0,1.1464787788629616,1.1297900419916016,815326.2916463753,1121931.6975952836,294421.8836085241,537443.717611078,1.0147715382956828
14,1994,Minas y canteras,27970000000.0,9580.0,0.6591762379277952,1,1.8254204172054214,2.102388879797266,1.8254204172054214,2.102388879797266,0.47903425740000005,42431747976.72815,58388308493.44596,15322497621.024708,27970000000.0,0.6176950237074019,0.8038261453263971,4429201.250180392,6094812.995140497,1599425.638937861,2919624.217118998,0.7684435587207532
15,1994,Resto industria,223153000000.0,525956.0,0.6591762379277952,1,1.8254204172054214,2.102388879797266,1.8254204172054214,2.102388879797266,0.47903425740000005,338533137513.43646,465839335189.05774,122247454831.05208,223153000000.0,0.8919332040358875,1.0153727946130546,643652.9624406537,885700.2015169667,232429.05267941058,424280.73831271054,0.8784292909638096
16,1994,Total,341332000000.0,563998.0,0.6591762379277952,1,1.8254204172054214,2.102388879797266,1.8254204172054214,2.102388879797266,0.47903425740000005,517815995723.7245,712541941890.7721,186988157239.17075,341332000000.0,0.8872228862290417,1.0299809525896626,918116.7233283176,1263376.7174542677,331540.46156045015,605200.7276621548,0.8613973724449109
17,1994,Total Manufactura,179442000000.0,276471.0,0.6591762379277952,1,1.8254204172054214,2.102388879797266,1.8254204172054214,2.102388879797266,0.47903425740000005,272221584570.61325,374591163842.7218,98301738223.5222,179442000000.0,0.9511429328081564,1.037519748717506,984629.7968706058,1354902.191704453,355558.9491249433,649044.5652527752,0.9167468223943483
18,1995,"Alimentos, bebidas y tabaco",60385000000.0,102473.0,0.681430677311085,0.99,1.8849043903143219,2.134975496961447,1.8660553464111787,2.1136257419918323,0.5005780207,88615030127.90425,120630546094.61002,32359704719.44104,60994949494.94949,1.0237329392664878,0.9721742595298181,864764.6709660521,1177193.4665190831,315787.61936745327,595229.4701526206,1.0530344012210378
19,1995,"Combustibles, quimicos y plasticos",63521000000.0,49789.0,0.681430677311085,0.99,1.8849043903143219,2.134975496961447,1.8660553464111787,2.1136257419918323,0.5005780207,93217112341.71742,126895303775.37009,34040255087.912796,64162626262.62627,0.8120448464478731,1.0346196205556595,1872243.112770239,2548661.4267281946,683690.274717564,1288690.8004303414,0.784872846323706
20,1995,Comunicaciones,48122000000.0,59636.0,0.681430677311085,0.99,1.8849043903143219,2.134975496961447,1.8660553464111787,2.1136257419918323,0.5005780207,70619068971.01944,96132866426.51028,25788088275.381992,48608080808.08081,0.8813862415880721,1.00448037729493,1184168.4380411068,1611993.8699193487,432424.84867164114,815079.4957421827,0.8774549125206896
21,1995,"Electricidad, gas y agua",37897000000.0,36416.0,0.681430677311085,0.99,1.8849043903143219,2.134975496961447,1.8660553464111787,2.1136257419918323,0.5005780207,55613874252.830795,75706480174.6698,20308615214.915245,38279797979.79798,1.054085344512299,1.127919221953788,1527182.399297858,2078934.5390671627,557683.8536608976,1051180.7441728355,0.9345397471694884
22,1995,"Maquinarias, equipos y vehiculos",14713000000.0,41925.0,0.681430677311085,0.99,1.8849043903143219,2.134975496961447,1.8660553464111787,2.1136257419918323,0.5005780207,21591337886.426353,29392021606.193546,7884546419.427607,14861616161.616161,0.6379045640286142,1.005998800239952,514999.1147627037,701061.9345544078,188063.12270548852,354481.00564379635,0.6341007204744781
23,1995,Minas y canteras,35608000000.0,10864.0,0.681430677311085,0.99,1.8849043903143219,2.134975496961447,1.8660553464111787,2.1136257419918323,0.5005780207,52254765136.944855,71133766421.0793,19081963495.070904,35967676767.676765,0.7525303381720243,0.9115623426749455,4809901.061942642,6547658.912102292,1756439.9387951863,3310721.3519584653,0.8255390804799507
24,1995,Resto industria,237836000000.00003,513169.0,0.681430677311085,0.99,1.8849043903143219,2.134975496961447,1.8660553464111787,2.1136257419918323,0.5005780207,349024497896.83264,475122738444.2771,127453883110.92125,240238383838.38388,0.9097079494992016,0.9906871328377025,680135.5847621985,925860.1716866706,248366.2947506986,468146.71938169276,0.9182595789787379
25,1995,Total,351781000000.0,545925.0,0.681430677311085,0.99,1.8849043903143219,2.134975496961447,1.8660553464111787,2.1136257419918323,0.5005780207,516238865834.63257,702749592377.3787,188515844761.2766,355334343434.34344,0.875029924541506,0.9969757898831406,945622.3214445804,1287263.9875026399,345314.5482644624,650884.9080630919,0.8776842260573565
26,1995,Total Manufactura,169872000000.0,266714.0,0.681430677311085,0.99,1.8849043903143219,2.134975496961447,1.8660553464111787,2.1136257419918323,0.5005780207,249287279918.64456,339351695390.96783,91032669704.4115,171587878787.87878,0.8616646572664655,1.000904406825457,934661.3972968969,1272343.016830642,341311.9285242301,643340.3525419693,0.860886066032405
27,1996,"Alimentos, bebidas y tabaco",60310000000.0,101656.0,0.6824915137233457,1,1.7121776600551892,2.0564885624307663,1.7121776600551892,2.0564885624307663,0.5042775158,88367399135.81874,119596845209.96841,35224148408.79071,60310000000.0,1.014960421200238,0.9644232776122801,869278.735498335,1176485.8464819433,346503.3879829101,593275.3600377744,1.0524014141519664
28,1996,"Combustibles, quimicos y plasticos",66248000000.0,48135.0,0.6824915137233457,1,1.7121776600551892,2.0564885624307663,1.7121776600551892,2.0564885624307663,0.5042775158,97067873618.7982,131372107469.24203,38692246456.40138,66248000000.0,0.8406933878832823,1.0002493610124057,2016575.7477676992,2729242.909925045,803827.702428615,1376295.8346317648,0.8404838039910085
29,1996,Comunicaciones,51361000000.0,58127.0,0.6824915137233457,1,1.7121776600551892,2.0564885624307663,1.7121776600551892,2.0564885624307663,0.5042775158,75255148184.62587,101850664348.02168,29997471172.672855,51361000000.0,0.9338093993231386,0.9790635000842176,1294667.6791271847,1752209.2030901592,516067.768380836,883599.7040962031,0.9537781760251645
30,1996,"Electricidad, gas y agua",35676000000.0,34788.0,0.6824915137233457,1,1.7121776600551892,2.0564885624307663,1.7121776600551892,2.0564885624307663,0.5042775158,52273177442.70385,70746759239.1118,20836622759.60898,35676000000.0,0.9850295762480691,1.0774948894257572,1502620.9452312249,2033654.111737145,598960.0655286012,1025526.0434632632,0.914184917176761
31,1996,"Maquinarias, equipos y vehiculos",19173000000.0,37116.0,0.6824915137233457,1,1.7121776600551892,2.0564885624307663,1.7121776600551892,2.0564885624307663,0.5042775158,28092656999.354214,38020731441.06656,11198020186.399342,19173000000.0,0.8251762481302687,0.8906058788242351,756888.0536521773,1024375.7797463778,301703.3135682547,516569.6734561914,0.92653357422214
32,1996,Minas y canteras,46155000000.0,11410.0,0.6824915137233457,1,1.7121776600551892,2.0564885624307663,1.7121776600551892,2.0564885624307663,0.5042775158,67627214510.25889,91526983761.66626,26956898852.723186,46155000000.0,0.9682719685375973,0.9573753985568049,5927012.665228649,8021646.25430905,2362567.8223245563,4045135.845749343,1.0113817108703842
33,1996,Resto industria,252988000000.00003,521630.0,0.6824915137233457,1,1.7121776600551892,2.0564885624307663,1.7121776600551892,2.0564885624307663,0.5042775158,370682997389.6951,501684076869.1675,147758031133.19757,252988000000.00003,0.9605644098605389,1.007021330404079,710624.3839305545,961762.315950324,283262.14200333104,484995.1114774841,0.9538669945303953
34,1996,Total,378304000000.0,540843.0,0.6824915137233457,1,1.7121776600551892,2.0564885624307663,1.7121776600551892,2.0564885624307663,0.5042775158,554298467296.9121,750190099988.5905,220949033985.0632,378304000000.0,0.934100558299992,0.9876949711549524,1024878.6936262688,1387075.5468566488,408527.12152151956,699471.0109957973,0.9457378903202369
35,1996,Total Manufactura,178543000000.0,257414.0,0.6824915137233457,1,1.7121776600551892,2.0564885624307663,1.7121776600551892,2.0564885624307663,0.5042775158,261604718021.99445,354057030912.3427,104278314199.14973,178543000000.0,0.8990037012851361,0.966004060448901,1016280.0703224939,1375438.1304526667,405099.62239485706,693602.5235612671,0.9306417416789844
36,1997,"Alimentos, bebidas y tabaco",60894000000.0,105406.0,0.6860990801898499,1,1.692647974275886,2.020838681369841,1.692647974275886,2.020838681369841,0.5167778446,88753944959.59691,117833998953.9095,35975584365.70393,60894000000.0,1.0,1.0,842019.8561713462,1117905.9916314962,341304.900723905,577709.0488207502,1.0
37,1997,"Combustibles, quimicos y plasticos",80755000000.0,48123.0,0.6860990801898499,1,1.692647974275886,2.020838681369841,1.692647974275886,2.020838681369841,0.5167778446,117701659033.93188,156266374117.69568,47709270461.004715,80755000000.0,1.0,1.0,2445850.4048777483,3247228.4379131743,991402.665274499,1678095.7130685952,1.0
38,1997,Comunicaciones,56365000000.0,59370.0,0.6860990801898499,1,1.692647974275886,2.020838681369841,1.692647974275886,2.020838681369841,0.5167778446,82152857549.96683,109070078349.87206,33299895109.089603,56365000000.0,1.0,1.0,1383743.6003026247,1837124.4458459164,560887.5713169884,949385.211386222,1.0
39,1997,"Electricidad, gas y agua",37116000000.0,32286.0,0.6860990801898499,1,1.692647974275886,2.020838681369841,1.692647974275886,2.020838681369841,0.5167778446,54097142922.46196,71821964482.10504,21927772675.755695,37116000000.0,1.0,1.0,1675560.3952939962,2224554.434804715,679172.7893128817,1149600.4460137521,1.0
40,1997,"Maquinarias, equipos y vehiculos",23811000000.0,41675.0,0.6860990801898499,1,1.692647974275886,2.020838681369841,1.692647974275886,2.020838681369841,0.5167778446,34704900046.52284,46075891698.550575,14067307769.76018,23811000000.0,1.0,1.0,832751.0509063669,1105600.280709072,337547.8768988645,571349.7300539892,1.0
41,1997,Minas y canteras,48849000000.0,11918.0,0.6860990801898499,1,1.692647974275886,2.020838681369841,1.692647974275886,2.020838681369841,0.5167778446,71198171533.01392,94526111191.571,28859515234.3461,48849000000.0,1.0,1.0,5974003.317084571,7931373.652590283,2421506.5643854756,4098758.180902836,1.0
42,1997,Resto industria,269903000000.00003,517993.0,0.6860990801898499,1,1.692647974275886,2.020838681369841,1.692647974275886,2.020838681369841,0.5167778446,393387788721.8788,522280517286.712,159456073620.662,269903000000.00003,1.0,1.0,759446.148349261,1008277.172252737,307834.41787951184,521055.3038361523,1.0
43,1997,Total,415032000000.0,547581.0,0.6860990801898499,1,1.692647974275886,2.020838681369841,1.692647974275886,2.020838681369841,0.5167778446,604915546432.6769,803114925178.8184,245196878682.0842,415032000000.0,1.0,1.0,1104705.1421299805,1466659.5904146023,447781.9330511544,757937.181896377,1.0
44,1997,Total Manufactura,203524000000.0,266473.0,0.6860990801898499,1,1.692647974275886,2.020838681369841,1.692647974275886,2.020838681369841,0.5167778446,296639371595.8387,393832673220.60425,120240004474.09479,203524000000.0,1.0,1.0,1113206.1094213624,1477945.882774631,451227.72091016645,763769.6877357181,1.0
45,1998,"Alimentos, bebidas y tabaco",63178000000.0,106146.0,0.6924432006185063,1,1.828310974620582,2.00878715905479,1.828310974620582,2.00878715905479,0.5068669474,91239252466.58202,124644150351.63525,34555390673.138054,63178000000.0,1.0577944520103195,1.0070204732178434,859563.7373672302,1174270.818981735,325545.85828140535,595199.0654381701,1.0504200064872886
46,1998,"Combustibles, quimicos y plasticos",82167000000.0,48642.0,0.6924432006185063,1,1.828310974620582,2.00878715905479,1.828310974620582,2.00878715905479,0.5068669474,118662440365.65965,162107630851.60678,44941479398.5206,82167000000.0,1.0373801258709159,1.010784863786547,2439505.7844179855,3332667.8765594913,923923.3460491057,1689219.1932897496,1.0263114961820254
47,1998,Comunicaciones,66901000000.0,58865.0,0.6924432006185063,1,1.828310974620582,2.00878715905479,1.828310974620582,2.00878715905479,0.5068669474,96615866745.81032,131989273207.04596,36591696340.87196,66901000000.0,1.210132744047862,0.9914940205490989,1641312.6092892266,2242236.867528174,621620.5952751545,1136515.756391744,1.2205144145777893
48,1998,"Electricidad, gas y agua",39751000000.0,30377.0,0.6924432006185063,1,1.828310974620582,2.00878715905479,1.828310974620582,2.00878715905479,0.5068669474,57406874620.89813,78424920393.6157,21741924952.482048,39751000000.0,1.091935050219294,0.9408722046707552,1889813.8269380825,2581720.3935087635,715736.4108530154,1308588.7348981136,1.1605561784040597
49,1998,"Maquinarias, equipos y vehiculos",25252000000.0,42359.0,0.6924432006185063,1,1.828310974620582,2.00878715905479,1.828310974620582,2.00878715905479,0.5068669474,36467973080.599724,49819780377.338524,13811654773.466747,25252000000.0,1.0812548285181798,1.0164127174565087,860926.2041266253,1176132.1177869763,326061.87052259844,596142.4962817819,1.0637950607543885
50,1998,Minas y canteras,34172000000.0,10462.0,0.6924432006185063,1,1.828310974620582,2.00878715905479,1.828310974620582,2.00878715905479,0.5068669474,49349896091.804756,67418087084.36607,18690474691.862255,34172000000.0,0.7132218413992876,0.8778318509817084,4717061.373714849,6444091.673137648,1786510.6759570115,3266297.0751290387,0.8124811609440555
51,1998,Resto industria,448264000000.0,568814.0,0.6924432006185063,1,1.828310974620582,2.00878715905479,1.828310974620582,2.00878715905479,0.5068669474,647365732813.32,884381990775.6722,245179297298.16638,448264000000.0,1.693308407079984,1.0981113644392877,1138097.3970635743,1554782.3906860102,431035.9753771292,788067.8042382923,1.5420188351703408
52,1998,Total,426359000000.0,570576.0,0.6924432006185063,1,1.828310974620582,2.00878715905479,1.828310974620582,2.00878715905479,0.5068669474,615731369185.4672,841165521222.1478,233198293899.90927,426359000000.0,1.0473787684058509,1.0419937872205207,1079139.9729141553,1474239.2270655404,408706.8048777188,747243.136760046,1.0051679590141265
53,1998,Total Manufactura,207215000000.0,265025.0,0.6924432006185063,1,1.828310974620582,2.00878715905479,1.828310974620582,2.00878715905479,0.5068669474,299251981700.31964,408815372679.0037,113336846344.20688,207215000000.0,1.03804331249583,0.9945660535964244,1129146.237903291,1542553.9955815629,427645.8686697741,781869.6349401,1.0437148027948355
54,1999,"Alimentos, bebidas y tabaco",62713000000.0,104415.0,0.6843646253912904,1,1.9420481763890327,1.9423035935336923,1.9420481763890327,1.9423035935336923,0.4964580027,91636822935.0595,126320856263.63899,32292195818.028606,62713000000.0,1.0720238418883594,0.9905982581636719,877621.2511139156,1209796.066308854,309267.78545255575,600612.9387540105,1.0821983917835982
55,1999,"Combustibles, quimicos y plasticos",77312000000.0,47277.0,0.6843646253912904,1,1.9420481763890327,1.9423035935336923,1.9420481763890327,1.9423035935336923,0.4964580027,112969018461.16945,155727170434.4308,39809517055.21068,77312000000.0,0.9965494580244194,0.9824200486253974,2389513.2614414925,3293930.884667614,842048.291033921,1635298.3480339276,1.0143822486306056
56,1999,Comunicaciones,64403000000.0,56322.0,0.6843646253912904,1,1.9420481763890327,1.9423035935336923,1.9420481763890327,1.9423035935336923,0.4964580027,94106266762.65904,129724970994.0067,33162411099.26963,64403000000.0,1.1893726763253845,0.9486609398686205,1670861.5951610212,2303273.5164590515,588800.3107004302,1143478.5696530663,1.2537384289165525
57,1999,"Electricidad, gas y agua",42700000000.0,31431.0,0.6843646253912904,1,1.9420481763890327,1.9423035935336923,1.9420481763890327,1.9423035935336923,0.4964580027,62393639904.438324,86009289341.24321,21987096159.166702,42700000000.0,1.1975346255346864,0.9735179334696153,1985098.7847805773,2736447.7535313293,699535.3682404855,1358531.3862110656,1.2301104934622786
58,1999,"Maquinarias, equipos y vehiculos",13169000000.0,32882.0,0.6843646253912904,1,1.9420481763890327,1.9423035935336923,1.9420481763890327,1.9423035935336923,0.4964580027,19242666133.52572,26525909398.942196,6780985229.978133,13169000000.0,0.5757004025551312,0.7890101979604079,585203.6413090967,806699.9999678303,206221.80007232324,400492.6707621191,0.7296488740491787
59,1999,Minas y canteras,47702000000.0,9649.0,0.6843646253912904,1,1.9420481763890327,1.9423035935336923,1.9420481763890327,1.9423035935336923,0.4964580027,69702609150.38681,96084663235.50311,24562727423.52623,47702000000.0,1.0164880584241267,0.8096157073334452,7223816.887800477,9957991.837030066,2545624.150018264,4943724.738314851,1.255519191657036
60,1999,Resto industria,298092000000.00006,586406.0,0.6843646253912904,1,1.9420481763890327,1.9423035935336923,1.9420481763890327,1.9423035935336923,0.4964580027,435574822163.79,600437495979.1539,153493617524.0825,298092000000.00006,1.149645594858628,1.1320732133445819,742787.1170550608,1023927.9543168964,261753.14973598922,508337.22710886324,1.0155223013025194
61,1999,Total,417437000000.0,561354.0,0.6843646253912904,1,1.9420481763890327,1.9423035935336923,1.9420481763890327,1.9423035935336923,0.4964580027,609962853882.6469,840830438284.3218,214946778908.52625,417437000000.0,1.0469615392804534,1.0251524432001842,1086592.1573243388,1497861.3108382977,382907.7176051587,743625.2347003851,1.0212740029299336
62,1999,Total Manufactura,181081000000.0,244677.0,0.6843646253912904,1,1.9420481763890327,1.9423035935336923,1.9420481763890327,1.9423035935336923,0.4964580027,264597253103.8781,364745857686.22156,93242280084.26384,181081000000.0,0.9261442294857801,0.9182055968146867,1081414.489730862,1490723.9245463265,381083.1426094968,740081.8221573748,1.0086458116772898
63,2000,"Alimentos, bebidas y tabaco",64534000000.0,101742.0,0.6779377065296085,1,1.9542106316288086,1.8611115419708282,1.9542106316288086,1.8611115419708282,0.5031784541,95191636898.8417,128252709300.57497,33023052354.500687,64534000000.0,1.08841854167014,0.9652391704457052,935617.9050818905,1260567.9984723611,324576.40261151426,634290.6567592538,1.1276153879743152
64,2000,"Combustibles, quimicos y plasticos",80899000000.0,46528.0,0.6779377065296085,1,1.9542106316288086,1.8611115419708282,1.9542106316288086,1.8611115419708282,0.5031784541,119331022925.58025,160775961968.99643,41397277596.72035,80899000000.0,1.028858338057452,0.9668557654344077,2564714.2134968243,3455466.857999407,889728.2839735289,1738716.4718019257,1.064128047677501
65,2000,Comunicaciones,59247000000.0,58488.0,0.6779377065296085,1,1.9542106316288086,1.8611115419708282,1.9542106316288086,1.8611115419708282,0.5031784541,87392985268.93846,117745502648.69937,30317612155.562992,59247000000.0,1.0795399107626797,0.985144012127337,1494203.6874049115,2013156.5902184956,518356.1098954143,1012977.0209273697,1.0958193903361424
66,2000,"Electricidad, gas y agua",44255000000.0,31954.0,0.6779377065296085,1,1.9542106316288086,1.8611115419708282,1.9542106316288086,1.8611115419708282,0.5031784541,65278859065.891464,87950904176.04588,22645972385.84975,44255000000.0,1.2245683449379818,0.9897169051601313,2042901.0160196365,2752422.36264774,708705.4010718454,1384959.6294673593,1.2372915310968167
67,2000,"Maquinarias, equipos y vehiculos",16800000000.0,30995.0,0.6779377065296085,1,1.9542106316288086,1.8611115419708282,1.9542106316288086,1.8611115419708282,0.5031784541,24781037900.959816,33387757093.15492,8596821513.552725,16800000000.0,0.7246253053894822,0.7437312537492502,799517.2737847981,1077198.1639991908,277361.5587531126,542022.906920471,0.974310682436092
68,2000,Minas y canteras,71639000000.0,9423.0,0.6779377065296085,1,1.9542106316288086,1.8611115419708282,1.9542106316288086,1.8611115419708282,0.5031784541,105671950844.45596,142372948237.8884,36658791452.94069,71639000000.0,1.5061758750378378,0.7906527940929686,11214257.757025996,15109089.274953667,3890352.4835976535,7602568.184230075,1.9049776163324792
69,2000,Resto industria,289293000000.0,577628.0,0.6779377065296085,1,1.9542106316288086,1.8611115419708282,1.9542106316288086,1.8611115419708282,0.5031784541,426725047469.18854,574931215044.6467,148035731316.67908,289293000000.0,1.100809231850078,1.1151270383962717,738754.0899492209,995331.2773006965,256282.12502974074,500829.2534295429,0.9871603807878383
70,2000,Total,445725000000.0,551398.0,0.6779377065296085,1,1.9542106316288086,1.8611115419708282,1.9542106316288086,1.8611115419708282,0.5031784541,657471911809.8401,885818930377.7665,228084420781.4457,445725000000.0,1.1029790414871614,1.006970658222254,1192372.6814566613,1606496.4515246092,413647.5300625786,808354.4009952884,1.0953437743999457
71,2000,Total Manufactura,193144000000.0,236615.0,0.6779377065296085,1,1.9542106316288086,1.8611115419708282,1.9542106316288086,1.8611115419708282,0.5031784541,284899332401.368,383847914047.6377,98834791334.14449,193144000000.0,0.9746472046330864,0.8879511245041711,1204062.8548543751,1622246.747026341,417702.9830490226,816279.6103374681,1.0976360947538932
72,2001,"Alimentos, bebidas y tabaco",58918000000.0,97829.0,0.6707142570277079,1,2.060598529734818,1.7902180676639496,2.060598529734818,1.7902180676639496,0.501043431,87843667228.86887,117590604635.62888,28592663320.779064,58918000000.0,0.9979344304662373,0.9281160465248658,897930.7488461384,1202001.4988973502,292271.85518383165,602254.9550746711,1.0752259205115478
73,2001,"Combustibles, quimicos y plasticos",84553000000.0,46231.0,0.6707142570277079,1,2.060598529734818,1.7902180676639496,2.060598529734818,1.7902180676639496,0.501043431,126064116147.9098,168753834036.39514,41033223493.021355,84553000000.0,1.0799113692194218,0.9606840803773663,2726830.8309988924,3650231.1011311705,887569.4554091704,1828924.3148536696,1.1241066561602873
74,2001,Comunicaciones,59335000000.0,58128.0,0.6707142570277079,1,2.060598529734818,1.7902180676639496,2.060598529734818,1.7902180676639496,0.501043431,88465392495.0768,118422867817.2212,28795031707.431107,59335000000.0,1.0857502773340597,0.9790803436078828,1521906.6972040462,2037277.5223166323,495372.82733675867,1020764.5196807047,1.1089491117073205
75,2001,"Electricidad, gas y agua",42764000000.0,31106.0,0.6707142570277079,1,2.060598529734818,1.7902180676639496,2.060598529734818,1.7902180676639496,0.501043431,63758895165.744736,85349886565.02313,20753193493.495975,42764000000.0,1.188353551458324,0.9634516508703462,2049729.8002232604,2743839.984730378,667176.5412941547,1374783.0000642962,1.2334335100103984
76,2001,"Maquinarias, equipos y vehiculos",9707000000.0,28291.0,0.6707142570277079,1,2.060598529734818,1.7902180676639496,2.060598529734818,1.7902180676639496,0.501043431,14472631076.93116,19373570032.894012,4710767216.382131,9707000000.0,0.4204708648862341,0.6788482303539292,511563.0793160779,684796.2261105656,166511.15960489665,343112.6506662896,0.6193886145464567
77,2001,Minas y canteras,59665000000.0,9795.0,0.6707142570277079,1,2.060598529734818,1.7902180676639496,2.060598529734818,1.7902180676639496,0.501043431,88957405295.67299,119081493356.61082,28955179351.54423,59665000000.0,1.2597735361743037,0.8218660849135762,9081919.887256049,12157375.534110345,2956118.361566537,6091373.149566106,1.5328209294666002
78,2001,Resto industria,277565000000.0,569097.0,0.6707142570277079,1,2.060598529734818,1.7902180676639496,2.060598529734818,1.7902180676639496,0.501043431,413834948477.2224,553973932850.5436,134701154055.33185,277565000000.0,1.0606827452199086,1.0986577038685852,727178.2288032136,973426.204760425,236692.78533419056,487728.80545847194,0.9654351318750513
79,2001,Total,416758000000.0,537530.0,0.6707142570277079,1,2.060598529734818,1.7902180676639496,2.060598529734818,1.7902180676639496,0.501043431,621364456820.8176,831780189530.1167,202250945046.35666,416758000000.0,1.035692605693906,0.9816447247073948,1155962.377580447,1547411.6598703638,376259.82744471316,775320.4472308522,1.0550584948160564
80,2001,Total Manufactura,181342000000.0,224788.0,0.6707142570277079,1,2.060598529734818,1.7902180676639496,2.060598529734818,1.7902180676639496,0.501043431,270371470562.77435,361928704739.3702,88004527511.40088,181342000000.0,0.918991057241807,0.8435676409992757,1202784.2703470574,1610089.0827774177,391500.11349093757,806724.5582504404,1.0894100396658009
81,2002,"Alimentos, bebidas y tabaco",124490000000.0,96994.0,0.8442182845809035,3.14,0.9941158842965611,0.7066666934948361,3.1215238766912017,2.2189334175737856,0.8276362052,147461861788.27048,150416329321.79028,39881162187.988365,39646496815.28662,1.2765104355036383,0.9201942963398668,1520319.4196369927,1550779.7319606396,411171.4352226773,408752.054923878,1.3872183739684567
82,2002,"Combustibles, quimicos y plasticos",138210000000.0,45350.0,0.8442182845809035,3.14,0.9941158842965611,0.7066666934948361,3.1215238766912017,2.2189334175737856,0.8276362052,163713582759.71454,166993661141.97635,44276451329.43909,44015923566.87898,1.0686474430909951,0.9423768260499138,3610001.824911015,3682329.9039024552,976327.4824573117,970582.6585860857,1.13399164065861
83,2002,Comunicaciones,61640000000.0,52614.0,0.8442182845809035,3.14,0.9941158842965611,0.7066666934948361,3.1215238766912017,2.2189334175737856,0.8276362052,73014291594.73848,74477167157.16245,19746765501.38648,19630573248.407642,0.6828377524242405,0.8862051541182415,1387735.0438046618,1415538.9660007306,375313.89936873224,373105.5089597378,0.7705188231540495
84,2002,"Electricidad, gas y agua",45170000000.0,31255.0,0.8442182845809035,3.14,0.9941158842965611,0.7066666934948361,3.1215238766912017,2.2189334175737856,0.8276362052,53505119262.40002,54577119410.918686,14470496393.537106,14385350318.471336,0.7598945504270768,0.9680666542773958,1711889.9140105587,1746188.4310004378,462981.80750398675,460257.56898004597,0.7849609808059063
85,2002,"Maquinarias, equipos y vehiculos",19870000000.0,21221.0,0.8442182845809035,3.14,0.9941158842965611,0.7066666934948361,3.1215238766912017,2.2189334175737856,0.8276362052,23536566742.171535,24008132891.187828,6365480702.669521,6328025477.707006,0.5210562835823113,0.5092021595680863,1109116.7589732592,1131338.4332118104,299961.3921431375,298196.3846052027,1.023279799175007
86,2002,Minas y canteras,179720000000.0,13168.0,0.8442182845809035,3.14,0.9941158842965611,0.7066666934948361,3.1215238766912017,2.2189334175737856,0.8276362052,212883330392.70602,217148547720.3964,57574443476.78744,57235668789.808914,2.297233483775854,1.1048833696929015,16166717.071135025,16490624.82688308,4372299.778006337,4346572.660222427,2.079163780349379
87,2002,Resto industria,361640000000.0,523426.0,0.8442182845809035,3.14,0.9941158842965611,0.7066666934948361,3.1215238766912017,2.2189334175737856,0.8276362052,428372621874.12756,436955268181.639,115853670926.6938,115171974522.29298,0.8366294619827208,1.010488558725697,818401.4968192783,834798.554488388,221337.24906040932,220034.87507745696,0.8279455069117994
88,2002,Total,731790000000.0,506470.0,0.8442182845809035,3.14,0.9941158842965611,0.7066666934948361,3.1215238766912017,2.2189334175737856,0.8276362052,866825575050.5138,884192831829.0056,234433574403.95215,233054140127.38852,1.1009543019414498,0.9249225228778939,1711504.284657559,1745795.075382561,462877.5137795963,460153.888931997,1.1903205670847257
89,2002,Total Manufactura,353110000000.0,215744.0,0.8442182845809035,3.14,0.9941158842965611,0.7066666934948361,3.1215238766912017,2.2189334175737856,0.8276362052,418268600016.5169,426648807509.17633,113121031249.10089,112455414012.73885,1.0833250680300723,0.8096279923294293,1938726.453651165,1977569.747057514,524329.9060418871,521244.68820796337,1.3380528814390085
90,2003,"Alimentos, bebidas y tabaco",156270000000.0,100667.0,0.9577077593232352,2.93,1.2378096178732818,0.8402254851792774,3.626782180368716,2.461860671575283,0.9484976701,163170861339.19214,164755280825.86063,43087782014.003624,53334470989.761086,1.398198162571944,0.9550405100278921,1620897.228875323,1636636.4431825785,428022.9073480249,529810.8713854698,1.4640197435510975
91,2003,"Combustibles, quimicos y plasticos",173680000000.0,42431.0,0.9577077593232352,2.93,1.2378096178732818,0.8402254851792774,3.626782180368716,2.461860671575283,0.9484976701,181349684503.68524,183110623752.7067,47888180586.11473,59276450511.94539,1.171785195545605,0.8817197597822247,4273990.349124113,4315491.592295885,1128613.0561644724,1397008.0957777423,1.3289769028597287
92,2003,Comunicaciones,74320000000.0,54287.0,0.9577077593232352,2.93,1.2378096178732818,0.8402254851792774,3.626782180368716,2.461860671575283,0.9484976701,77601960803.28123,78355490311.49908,20491994364.118187,25365187713.310577,0.7183958377672789,0.9143843692100387,1429475.9482616691,1443356.4262438354,377475.1665061283,467242.3916096041,0.7856606717675199
93,2003,"Electricidad, gas y agua",49780000000.0,29544.0,0.9577077593232352,2.93,1.2378096178732818,0.8402254851792774,3.626782180368716,2.461860671575283,0.9484976701,51978277836.21287,52482996605.307106,13725665762.187881,16989761092.15017,0.7307374141566905,0.9150715480393978,1759351.402525483,1776435.0326735415,464583.86684903473,575066.3786944953,0.7985576818800064
94,2003,"Maquinarias, equipos y vehiculos",18330000000.0,18546.0,0.9577077593232352,2.93,1.2378096178732818,0.8402254851792774,3.626782180368716,2.461860671575283,0.9484976701,19139450235.793125,19325297866.116497,5054066963.055522,6255972696.245733,0.419423198416894,0.4450149970005999,1031998.8264743409,1042019.7274946887,272515.2034430886,337321.9398385492,0.9424922783362482
95,2003,Minas y canteras,210850000000.0,16746.0,0.9577077593232352,2.93,1.2378096178732818,0.8402254851792774,3.626782180368716,2.461860671575283,0.9484976701,220161106503.92694,222298911896.92654,58136935033.292786,71962457337.88396,2.351719636983746,1.4051015271018628,13147086.25963973,13274746.918483611,3471690.853534742,4297292.328788007,1.6737008619116376
96,2003,Resto industria,408010000000.0,512785.0,0.9577077593232352,2.93,1.2378096178732818,0.8402254851792774,3.626782180368716,2.461860671575283,0.9484976701,426027664522.9653,430164472577.97015,112499174118.72795,139252559726.96246,0.8236272622473229,0.9899458100785146,830811.4795147387,838878.8138849033,219388.58219083623,271561.2970874001,0.8319922705486267
97,2003,Total,863050000000.0,503532.0,0.9577077593232352,2.93,1.2378096178732818,0.8402254851792774,3.626782180368716,2.461860671575283,0.9484976701,901162167266.8444,909912619931.9064,237965766091.92953,294556313993.1741,1.1329793425633434,0.9195571066198426,1789682.020739187,1807060.166845218,472593.134283282,584980.3269567258,1.2320924218921103
98,2003,Total Manufactura,424030000000.0,215312.0,0.9577077593232352,2.93,1.2378096178732818,0.8402254851792774,3.626782180368716,2.461860671575283,0.9484976701,442755105481.9072,447054340107.4402,116916312839.30348,144720136518.77133,1.1351377640956264,0.808006814949357,2056341.9850352383,2076309.449113102,543008.8097240445,672141.5272663452,1.404861621330227
99,2004,"Alimentos, bebidas y tabaco",178720000000.0,107690.0,1,2.93,1.2035224460529526,0.8545070696306212,3.526320766935151,2.50370571401772,1.0,178720000000.0,178720000000.0,50681719506.56996,60996587030.71672,1.5167099613576378,1.021668595715614,1659578.4195375615,1659578.4195375615,470626.05169068585,566409.0169070176,1.48454202049274
100,2004,"Combustibles, quimicos y plasticos",204750000000.0,41394.0,1,2.93,1.2035224460529526,0.8545070696306212,3.526320766935151,2.50370571401772,1.0,204750000000.0,204750000000.0,58063350878.302376,69880546075.08533,1.3102626918686149,0.8601708122934979,4946369.038991158,4946369.038991158,1402699.687836459,1688180.559382648,1.5232587215730142
101,2004,Comunicaciones,82540000000.0,56356.0,1,2.93,1.2035224460529526,0.8545070696306212,3.526320766935151,2.50370571401772,1.0,82540000000.0,82540000000.0,23406832632.454594,28170648464.163822,0.7567611690461101,0.9492336196732356,1464617.7869259706,1464617.7869259706,415338.7861532861,499869.5518518671,0.7972338456644822
102,2004,"Electricidad, gas y agua",56090000000.0,30300.0,1,2.93,1.2035224460529526,0.8545070696306212,3.526320766935151,2.50370571401772,1.0,56090000000.0,56090000000.0,15906096951.22823,19143344709.89761,0.7809588668933614,0.9384872700241591,1851155.1155115513,1851155.1155115513,524953.6947600076,631793.5547820993,0.8321464678719163
103,2004,"Maquinarias, equipos y vehiculos",30710000000.0,23441.0,1,2.93,1.2035224460529526,0.8545070696306212,3.526320766935151,2.50370571401772,1.0,30710000000.0,30710000000.0,8708793677.522177,10481228668.941978,0.6665090759592626,0.5624715056988602,1310097.692077983,1310097.692077983,371519.7166299295,447132.31811535254,1.184965050151541
104,2004,Minas y canteras,245000000000.0,18315.0,1,2.93,1.2035224460529526,0.8545070696306212,3.526320766935151,2.50370571401772,1.0,245000000000.0,245000000000.0,69477513871.47293,83617747440.27303,2.591876434051874,1.5367511327403927,13377013.377013378,13377013.377013378,3793476.050858473,4565533.575772483,1.6865947770150278
105,2004,Resto industria,488710000000.0,546659.0,1,2.93,1.2035224460529526,0.8545070696306212,3.526320766935151,2.50370571401772,1.0,488710000000.0,488710000000.0,138589207363.78586,166795221843.00342,0.9357232058719834,1.0553405161845817,893994.2450412414,893994.2450412414,253520.39820763192,305117.4897751677,0.8866552468344
106,2004,Total,1028570000000.0,536217.0,1,2.93,1.2035224460529526,0.8545070696306212,3.526320766935151,2.50370571401772,1.0,1028570000000.0,1028570000000.0,291683618133.7996,351047781569.9659,1.2807257937224648,0.9792469059372038,1918197.2969898381,1918197.2969898381,543965.6298360545,654674.8453890233,1.307868103496049
107,2004,Total Manufactura,525620000000.0,229966.0,1,2.93,1.2035224460529526,0.8545070696306212,3.526320766935151,2.50370571401772,1.0,525620000000.0,525620000000.0,149056207514.7902,179392491467.57678,1.3346277130886381,0.862999253207642,2285642.2253724462,2285642.2253724462,648166.283340973,780082.6707755789,1.5464992676737808
108,2005,"Alimentos, bebidas y tabaco",207310000000.0,110974.0,1.0964239819992485,2.928416666666667,1.3501430843732851,0.9063353378572974,3.953781510663468,2.6541275089702743,1.082628062,189078315873.74207,191487739212.13953,52433347528.40507,70792521556.01718,1.6250635717373856,1.0528243174012863,1703807.341122624,1725518.9432852697,472483.17198988114,637919.8871448914,1.5435277708521895
109,2005,"Combustibles, quimicos y plasticos",234810000000.0,45967.0,1.0964239819992485,2.928416666666667,1.3501430843732851,0.9063353378572974,3.953781510663468,2.6541275089702743,1.082628062,214159854084.7686,216888891246.93686,59388714163.06398,80183261717.0826,1.3879434553436423,0.9551981381044407,4658991.321704018,4718360.807686751,1291985.862968303,1744365.777994705,1.4530424631040115
110,2005,Comunicaciones,104080000000.0,57832.0,1.0964239819992485,2.928416666666667,1.3501430843732851,0.9063353378572974,3.953781510663468,2.6541275089702743,1.082628062,94926781709.22327,96136432864.78935,26324165794.0109,35541390398.679596,0.8814189401827098,0.9740946606029981,1641423.1171189526,1662339.7576564765,455183.3897152251,614562.705745601,0.9048596361641909
111,2005,"Electricidad, gas y agua",63590000000.0,28738.0,1.0964239819992485,2.928416666666667,1.3501430843732851,0.9063353378572974,3.953781510663468,2.6541275089702743,1.082628062,57997636903.24277,58736700287.00956,16083336883.562193,21714806066.987278,0.817809714765519,0.8901071671932107,2018151.4685518397,2043868.7552025039,559654.0080577004,755612.988620895,0.9187766876929343
112,2005,"Maquinarias, equipos y vehiculos",46230000000.0,30584.0,1.0964239819992485,2.928416666666667,1.3501430843732851,0.9063353378572974,3.953781510663468,2.6541275089702743,1.082628062,42164345872.57294,42701645766.13386,11692603618.919329,15786687914.401978,0.9267676477214468,0.733869226154769,1378640.6576174777,1396208.663553945,382311.1306212179,516174.72908716905,1.2628512202063595
113,2005,Minas y canteras,293520000000.0,23178.0,1.0964239819992485,2.928416666666667,1.3501430843732851,0.9063353378572974,3.953781510663468,2.6541275089702743,1.082628062,267706658025.47284,271118041645.58966,74237789622.00307,100231638257.30626,2.8681814815816264,1.9447893941936567,11550032.704524672,11697214.671049688,3202941.9976703366,4324429.9878033595,1.4748031278578748
114,2005,Resto industria,567500000000.0,556536.0,1.0964239819992485,2.928416666666667,1.3501430843732851,0.9063353378572974,3.953781510663468,2.6541275089702743,1.082628062,517591743082.09265,524187410172.63605,143533475097.05212,193790728778.35004,1.0036510894486943,1.0744083414254633,930023.8314899533,941875.1171040796,257905.10424671922,348208.79292327905,0.9341430541362958
115,2005,Total,1210900000000.0,561995.0,1.0964239819992485,2.928416666666667,1.3501430843732851,0.9063353378572974,3.953781510663468,2.6541275089702743,1.082628062,1104408531626.6184,1118481999961.3127,306263762105.7628,413499900401.24066,1.392679882910003,1.02632304627078,1965157.2195955808,1990199.2009916685,544958.1617376717,735771.4933428956,1.3569605476271898
116,2005,Total Manufactura,611230000000.0,247003.0,1.0964239819992485,2.928416666666667,1.3501430843732851,0.9063353378572974,3.953781510663468,2.6541275089702743,1.082628062,557475949117.2996,564579860299.2428,154593772658.27518,208723713041.74606,1.4335526193962962,0.9269344361342425,2256960.235775677,2285720.6604747423,625878.1175057597,845025.0120109718,1.5465523380217618
117,2006,"Alimentos, bebidas y tabaco",241980000000.0,116396.0,1.2158951666873792,3.0777499999999995,1.344359568048199,0.9263972315392778,4.1376026605603435,2.851219079370012,1.188750435,199013867831.43277,203558285133.24582,58483141048.4518,78622370237.99855,1.7275004407927053,1.1042635144109443,1709799.8885823635,1748842.616011253,502449.74954853946,675473.1282690002,1.5643914864960644
118,2006,"Combustibles, quimicos y plasticos",269920000000.0,47840.0,1.2158951666873792,3.0777499999999995,1.344359568048199,0.9263972315392778,4.1376026605603435,2.851219079370012,1.188750435,221992822568.23016,227061956869.02103,65235843589.545044,87700430509.30064,1.453044253128981,0.9941192361240987,4640318.19749645,4746278.36264676,1363625.4930924966,1833202.978873341,1.461639811733402
119,2006,Comunicaciones,134350000000.0,62586.0,1.2158951666873792,3.0777499999999995,1.344359568048199,0.9263972315392778,4.1376026605603435,2.851219079370012,1.188750435,110494723295.94592,113017834563.40018,32470493428.628395,43652018520.02275,1.0361946766084151,1.054168772107125,1765486.2636363711,1805800.5714281178,518814.00678471854,697472.5740584596,0.982949508679922
120,2006,"Electricidad, gas y agua",77070000000.0,29790.0,1.2158951666873792,3.0777499999999995,1.344359568048199,0.9263972315392778,4.1376026605603435,2.851219079370012,1.188750435,63385398767.536674,64832783846.67847,18626728161.84883,25041020225.814316,0.9026874204037126,0.9226909496376138,2127740.8112633997,2176327.0844806465,625267.8134222501,840584.767566778,0.9783204449531476
121,2006,"Maquinarias, equipos y vehiculos",65030000000.0,37149.0,1.2158951666873792,3.0777499999999995,1.344359568048199,0.9263972315392778,4.1376026605603435,2.851219079370012,1.188750435,53483229296.13222,54704501538.205536,15716830574.348377,21129071562.01771,1.187269513873052,0.8913977204559088,1439694.9930316352,1472569.9625348067,423075.46836653416,568765.5539050234,1.3319189477687001
122,2006,Minas y canteras,355820000000.0,23672.0,1.2158951666873792,3.0777499999999995,1.344359568048199,0.9263972315392778,4.1376026605603435,2.851219079370012,1.188750435,292640360574.3467,299322708554.8869,85996657772.79163,115610429697.01894,3.1665611203264845,1.9862393018962914,12362299.787696294,12644588.904819487,3632842.927204783,4883847.148403977,1.5942495535675498
123,2006,Resto industria,713340000000.0,591942.0,1.2158951666873792,3.0777499999999995,1.344359568048199,0.9263972315392778,4.1376026605603435,2.851219079370012,1.188750435,586678868000.968,600075490193.196,172404181484.0177,231773210949.55734,1.1489524696625388,1.142760616456207,991108.7032191803,1013740.3498876513,291251.81433994835,391547.1633193072,1.0054183291908794
124,2006,Total,1468220000000.0,597664.0,1.2158951666873792,3.0777499999999995,1.344359568048199,0.9263972315392778,4.1376026605603435,2.851219079370012,1.188750435,1207521865556.9312,1235095236789.5454,354847993016.60425,477043294614.5724,1.5378810654210466,1.091462267682772,2020402.5431629329,2066537.7817461742,593724.8906017499,798179.7374688326,1.4090098310828862
125,2006,Total Manufactura,723110000000.0,262281.0,1.2158951666873792,3.0777499999999995,1.344359568048199,0.9263972315392778,4.1376026605603435,2.851219079370012,1.188750435,594714100204.9233,608294204325.5698,174765452200.7851,234947607830.39563,1.544549870256284,0.984268575052632,2267469.2417861884,2319246.168519907,666329.060056905,895785.8473560633,1.5692361916295987
126,2007,"Alimentos, bebidas y tabaco",346850000000.0,122478.0,1.4301885530069212,3.1191666666666666,1.4597207637984138,1.045406646701571,4.553112349081219,3.260797565503317,1.3207406030000002,242520469955.34964,262617806412.66464,76178660530.96439,111199572535.39941,2.2287099542075883,1.1619642145608409,1980114.5508201444,2144203.9093769058,621978.3188079849,907914.6665964451,1.918053866271535
127,2007,"Combustibles, quimicos y plasticos",311460000000.0,48945.0,1.4301885530069212,3.1191666666666666,1.4597207637984138,1.045406646701571,4.553112349081219,3.260797565503317,1.3207406030000002,217775480963.7976,235822234352.8572,68405955337.96791,99853593374.29869,1.5091041542644497,1.017081229349791,4449391.785959702,4818106.739255434,1397608.6492587172,2040118.3649872039,1.483759714284771
128,2007,Comunicaciones,167910000000.0,63955.0,1.4301885530069212,3.1191666666666666,1.4597207637984138,1.045406646701571,4.553112349081219,3.260797565503317,1.3207406030000002,117404100072.66183,127133215726.54034,36878070894.49108,53831685813.51857,1.1656103823335109,1.0772275560047162,1835729.8111588121,1987854.2057155867,576625.2973886495,841711.919529647,1.0820465702312647
129,2007,"Electricidad, gas y agua",90920000000.0,30617.0,1.4301885530069212,3.1191666666666666,1.4597207637984138,1.045406646701571,4.553112349081219,3.260797565503317,1.3207406030000002,63572037273.5776,68840164218.07544,19968758297.463696,29148811114.079617,0.9584834488233396,0.9483057672056,2076364.0223920566,2248429.4417505125,652211.4608702256,952046.6118195648,1.0107324894245138
130,2007,"Maquinarias, equipos y vehiculos",90540000000.0,42851.0,1.4301885530069212,3.1191666666666666,1.4597207637984138,1.045406646701571,4.553112349081219,3.260797565503317,1.3207406030000002,63306338041.68187,68552446857.727135,19885298902.907642,29026983702.9121,1.4878159560368012,1.0282183563287342,1477359.6425213383,1599786.3960637357,464056.8225457432,677393.3794523372,1.4469844336849478
131,2007,Minas y canteras,361030000000.0,27325.0,1.4301885530069212,3.1191666666666666,1.4597207637984138,1.045406646701571,4.553112349081219,3.260797565503317,1.3207406030000002,252435246556.09018,273354206859.34644,79293013727.81915,115745658562.65028,2.8918380690109435,2.292750461486827,9238252.389975853,10003813.608759247,2901848.626818633,4235888.693967073,1.261296472332019
132,2007,Resto industria,897110000000.0,647296.0,1.4301885530069212,3.1191666666666666,1.4597207637984138,1.045406646701571,4.553112349081219,3.260797565503317,1.3207406030000002,627266941910.4619,679247687215.9884,197032256447.84045,287612075874.9666,1.3005418826356632,1.2496230644043453,969057.3430246161,1049361.786904273,304392.82252298866,444328.523388012,1.0407473418839217
133,2007,Total,1770360000000.0,644358.0,1.4301885530069212,3.1191666666666666,1.4597207637984138,1.045406646701571,4.553112349081219,3.260797565503317,1.3207406030000002,1237850768891.892,1340429752805.8958,388824141437.5036,567574672722.4152,1.6690385283369513,1.1767354966662467,1921060.6043408976,2080256.2438984164,603428.748362717,880837.473457946,1.418363373133066
134,2007,Total Manufactura,913870000000.0,277924.0,1.4301885530069212,3.1191666666666666,1.4597207637984138,1.045406646701571,4.553112349081219,3.260797565503317,1.3207406030000002,638985676454.0735,691937537109.2456,200713255007.73367,292985305904.3548,1.7569327893769209,1.042972458748166,2299138.168902554,2489664.5741614457,722187.5584970483,1054192.174495023,1.6845438004045574
135,2008,"Alimentos, bebidas y tabaco",426050000000.0,127287.0,1.8171998268522611,3.1831666666666667,1.7492073402923984,1.2535363609397792,5.56801849870742,3.9902151595981405,1.5848373889999998,234454127556.24152,268828841972.75842,76517346359.1949,133844703911.19954,2.2814200006732372,1.207587803350853,1841933.0140253247,2111989.770933076,601140.3078020136,1051519.0389529138,1.8892373658815373
136,2008,"Combustibles, quimicos y plasticos",429830000000.0,51685.0,1.8171998268522611,3.1831666666666667,1.7492073402923984,1.2535363609397792,5.56801849870742,3.9902151595981405,1.5848373889999998,236534251021.00525,271213944713.41568,77196223414.0893,135032200638.7769,1.7355873664102845,1.0740186605157618,4576458.373241855,5247440.160847745,1493590.4694609519,2612599.412571866,1.6159750572460505
137,2008,Comunicaciones,202520000000.0,65493.0,1.8171998268522611,3.1831666666666667,1.7492073402923984,1.2535363609397792,5.56801849870742,3.9902151595981405,1.5848373889999998,111446191556.60141,127785980697.85948,36372005597.146225,63622179171.68438,1.1715952040297528,1.103132895401718,1701650.4291542822,1951139.5217482706,555357.146521708,971434.7971796128,1.0620617052699741
138,2008,"Electricidad, gas y agua",100060000000.0,31930.0,1.8171998268522611,3.1831666666666667,1.7492073402923984,1.2535363609397792,5.56801849870742,3.9902151595981405,1.5848373889999998,55062739122.82015,63135814875.705215,17970486273.209812,31434106497.722393,0.8790599829866246,0.9889735489066468,1724482.9039404995,1977319.6014940562,562808.8403761294,984469.3547673784,0.8888609649453856
139,2008,"Maquinarias, equipos y vehiculos",106590000000.0,48317.0,1.8171998268522611,3.1831666666666667,1.7492073402923984,1.2535363609397792,5.56801849870742,3.9902151595981405,1.5848373889999998,58656179923.06016,67256111409.168686,19143255365.395103,33485522802.240955,1.4596811679563086,1.159376124775045,1213986.3800124212,1391976.1452318789,396201.24108274735,693038.1191348998,1.259022966545505
140,2008,Minas y canteras,376390000000.0,29568.0,1.8171998268522611,3.1831666666666667,1.7492073402923984,1.2535363609397792,5.56801849870742,3.9902151595981405,1.5848373889999998,207126367963.60458,237494396972.48337,67598554151.24367,118243887114.5086,2.5124740029891446,2.480953180063769,7005085.496604593,8032142.754751196,2286206.512149745,3999049.2124766167,1.0127051260695557
141,2008,Resto industria,1124510000000.0,709084.0,1.8171998268522611,3.1831666666666667,1.7492073402923984,1.2535363609397792,5.56801849870742,3.9902151595981405,1.5848373889999998,618814718878.6976,709542826163.0948,201958739946.90353,353267710351.3273,1.3585473757459405,1.3689065296249177,872695.9272507878,1000647.0688424712,284816.38275141385,498202.90734430234,0.9924325338108982
142,2008,Total,2147220000000.0,691856.0,1.8171998268522611,3.1831666666666667,1.7492073402923984,1.2535363609397792,5.56801849870742,3.9902151595981405,1.5848373889999998,1181609181484.1284,1354851933014.3088,385634494658.8205,674554688727.1584,1.6869963320786785,1.2634770015760226,1707883.1165504504,1958286.0205220578,557391.2702337198,974992.9013077265,1.3352014559618979
143,2008,Total Manufactura,1152100000000.0,290780.0,1.8171998268522611,3.1831666666666667,1.7492073402923984,1.2535363609397792,5.56801849870742,3.9902151595981405,1.5848373889999998,633997418982.6213,726951552251.6488,206913824059.21472,361935179852.34827,1.8458386052811036,1.0912174967069834,2180333.650810308,2500005.338233884,711582.0347314627,1244704.518372475,1.6915405140142772
144,2009,"Alimentos, bebidas y tabaco",482500000000.0,129729.0,2.0822573595387337,3.75,1.8840630492383101,1.223506415269924,7.065236434643663,4.588149057262215,1.7479247409999998,231719675663.37933,276041633076.23785,68292123620.11138,128666666666.66667,2.342631460587287,1.230755364969736,1786182.5471820435,2127832.8906893437,526421.4140254791,991811.1344931871,1.9034095054665
145,2009,"Combustibles, quimicos y plasticos",387140000000.0,49852.0,2.0822573595387337,3.75,1.8840630492383101,1.223506415269924,7.065236434643663,4.588149057262215,1.7479247409999998,185923223287.71124,221485508454.16522,54795052307.336624,103237333333.33333,1.4173587229159628,1.0359287658707894,3729503.796993325,4442861.037755059,1099154.543595776,2070876.4609912005,1.368200951273467
146,2009,Comunicaciones,256300000000.0,69139.0,2.0822573595387337,3.75,1.8840630492383101,1.223506415269924,7.065236434643663,4.588149057262215,1.7479247409999998,123087570720.25725,146631027062.0513,36276209914.683,68346666666.666664,1.3443744542998515,1.1645443826848576,1780291.4522954808,2120814.9823117387,524685.1981469648,988539.9943109774,1.1544209686541922
147,2009,"Electricidad, gas y agua",118650000000.0,35518.0,2.0822573595387337,3.75,1.8840630492383101,1.223506415269924,7.065236434643663,4.588149057262215,1.7479247409999998,56981429051.73048,67880496921.23444,16793493196.945524,31640000000.0,0.9451216965549217,1.100105308802577,1604297.2310301953,1911157.6361629157,472816.4084955663,890815.9243200631,0.8591192943006983
148,2009,"Maquinarias, equipos y vehiculos",89920000000.0,44040.0,2.0822573595387337,3.75,1.8840630492383101,1.223506415269924,7.065236434643663,4.588149057262215,1.7479247409999998,43183903079.06957,51443862479.202705,12727104157.348011,23978666666.666668,1.1165028083617314,1.056748650269946,980560.9236845952,1168116.7683742668,288989.64934940985,544474.7199515592,1.0565452892478466
149,2009,Minas y canteras,437460000000.0,28913.0,2.0822573595387337,3.75,1.8840630492383101,1.223506415269924,7.065236434643663,4.588149057262215,1.7479247409999998,210089304281.2475,250273933275.7119,61917248495.03404,116656000000.0,2.647669835570567,2.425994294344689,7266257.540941704,8656103.942023031,2141502.0404328173,4034724.8642479163,1.0913751288461944
150,2009,Resto industria,1275810000000.0,729851.0,2.0822573595387337,3.75,1.8840630492383101,1.223506415269924,7.065236434643663,4.588149057262215,1.7479247409999998,612705242296.572,729899846414.4974,180575697897.9778,340216000000.0,1.397524552909582,1.4089978049896428,839493.5984147066,1000066.9265569239,247414.46938892707,466144.4596225805,0.9918571540428021
151,2009,Total,2304370000000.0,698965.0,2.0822573595387337,3.75,1.8840630492383101,1.223506415269924,7.065236434643663,4.588149057262215,1.7479247409999998,1106669158566.6765,1318346234221.534,326156105505.64984,614498666666.6666,1.641541195275379,1.2764595557552216,1583296.9584552539,1886140.5567110428,466627.23527737416,879155.131754332,1.286011129670423
152,2009,Total Manufactura,1123500000000.0,281977.0,2.0822573595387337,3.75,1.8840630492383101,1.223506415269924,7.065236434643663,4.588149057262215,1.7479247409999998,539558664472.1382,642762227484.2554,159018032926.82928,299600000000.0,1.632069330936933,1.0581822548625939,1913484.6617707764,2279484.5944323665,563939.7288673519,1062498.005156449,1.542332923687951
153,2010,"Alimentos, bebidas y tabaco",616610000000.0,130402.0,2.563041947849803,3.89,1.9955236223549513,1.4283430244428186,7.762586890960761,5.556254365082564,2.133751782,240577412522.36966,288979254851.30304,79433571393.32237,158511568123.3933,2.452426781886072,1.2371402007475856,1844890.5118201382,2216064.591427302,609143.8121602611,1215560.8665771484,1.9823353734719045
154,2010,"Combustibles, quimicos y plasticos",496880000000.0,51127.0,2.563041947849803,3.89,1.9955236223549513,1.4283430244428186,7.762586890960761,5.556254365082564,2.133751782,193863389718.16064,232866823681.93097,64009589455.1078,127732647814.91002,1.4901915079090646,1.0624233734388961,3791800.6086443686,4554674.1189964395,1251972.332722589,2498340.364482759,1.4026343406636008
155,2010,Comunicaciones,304680000000.0,53511.0,2.563041947849803,3.89,1.9955236223549513,1.4283430244428186,7.762586890960761,5.556254365082564,2.133751782,118874371235.16582,142790741908.32944,39249802196.067955,78323907455.01285,1.3091651172220593,0.9013137948458818,2221494.108410716,2668437.1794272102,733490.3514430296,1463697.3230740007,1.4525075780582246
156,2010,"Electricidad, gas y agua",147070000000.0,43186.0,2.563041947849803,3.89,1.9955236223549513,1.4283430244428186,7.762586890960761,5.556254365082564,2.133751782,57381035110.791115,68925542905.5337,18946003705.447403,37807197943.44473,0.9596722033787728,1.3376076317908692,1328695.2973368943,1596015.905745698,438707.0741779142,875450.3298162537,0.7174541925227401
157,2010,"Maquinarias, equipos y vehiculos",150650000000.0,49988.0,2.563041947849803,3.89,1.9955236223549513,1.4283430244428186,7.762586890960761,5.556254365082564,2.133751782,58777812874.418175,70603338809.53731,19407190169.481544,38727506426.735214,1.5323271282834077,1.1994721055788842,1175838.4587184559,1412405.7535716034,388236.9802648945,774736.0651903499,1.277501261727035
158,2010,Minas y canteras,571990000000.0,29301.0,2.563041947849803,3.89,1.9955236223549513,1.4283430244428186,7.762586890960761,5.556254365082564,2.133751782,223168411457.2748,268067731600.84467,73685487587.3996,147041131105.39847,2.83591198475907,2.4585500922973655,7616409.387299915,9148757.09364338,2514777.229016061,5018297.365461878,1.153489609035821
159,2010,Resto industria,1743770000000.0,784440.0,2.563041947849803,3.89,1.9955236223549513,1.4283430244428186,7.762586890960761,5.556254365082564,2.133751782,680351720916.191,817231889252.6178,224637743125.369,448269922879.17737,1.5647374585178884,1.5143833990034614,867308.8074501441,1041802.9285255951,286367.01739504485,571452.1478751432,1.0332505358600486
160,2010,Total,3042270000000.0,730924.0,2.563041947849803,3.89,1.9955236223549513,1.4283430244428186,7.762586890960761,5.556254365082564,2.133751782,1186976281270.8674,1425784398009.234,391914453613.7313,782074550128.5347,1.7753180190142457,1.334823523825699,1623939.3989947895,1950660.257440218,536190.4296667387,1069980.6684806282,1.330002046956783
161,2010,Total Manufactura,1480900000000.0,290594.0,2.563041947849803,3.89,1.9955236223549513,1.4283430244428186,7.762586890960761,5.556254365082564,2.133751782,577789997250.0887,694035741407.5261,190774032007.8674,380694087403.59894,1.7622604435837754,1.0905194897794523,1988306.7002418796,2388334.72613862,656496.8031269311,1310054.8786402987,1.6159825295191896
162,2011,"Alimentos, bebidas y tabaco",813190000000.0,131402.0,3.163671681030504,4.11,2.250516835756798,1.6176849656438348,9.249624194960441,6.648685208796161,2.599721232,257039946615.16815,312798922434.61896,87916004246.2112,197856447688.56445,2.654572748201218,1.2466273267176442,1956134.203552215,2380473.070688566,669061.386023129,1505733.91339983,2.12940362473096
163,2011,"Combustibles, quimicos y plasticos",662630000000.0,52981.0,3.163671681030504,4.11,2.250516835756798,1.6176849656438348,9.249624194960441,6.648685208796161,2.599721232,209449673293.58313,254885020687.47964,71638586177.48242,161223844282.23843,1.6310932030425627,1.1009496498555784,3953297.848164118,4810875.987381885,1352156.1725426554,3043050.23087972,1.4815329686117145
164,2011,Comunicaciones,365570000000.0,54506.0,3.163671681030504,4.11,2.250516835756798,1.6176849656438348,9.249624194960441,6.648685208796161,2.599721232,115552445657.35808,140618923098.44397,39522686791.87819,88946472019.4647,1.289252975938739,0.9180731008927068,2119994.9667441766,2579879.7031233986,725107.085309474,1631865.7032155122,1.404303180961416
165,2011,"Electricidad, gas y agua",178520000000.0,42415.0,3.163671681030504,4.11,2.250516835756798,1.6176849656438348,9.249624194960441,6.648685208796161,2.599721232,56428105694.53611,68668901035.46303,19300243581.492176,43435523114.355225,0.9560988971914348,1.31372731214768,1330380.8957806462,1618976.8014962403,455033.4452786084,1024060.429431928,0.7277757631668671
166,2011,"Maquinarias, equipos y vehiculos",212830000000.0,59804.0,3.163671681030504,4.11,2.250516835756798,1.6176849656438348,9.249624194960441,6.648685208796161,2.599721232,67273099568.4972,81866469904.64708,23009583472.154266,51783454987.83455,1.7767745101984078,1.43500899820036,1124892.9765316234,1368912.9473722004,384749.90756729094,865886.1445360603,1.238162626455064
167,2011,Minas y canteras,651120000000.0,31514.0,3.163671681030504,4.11,2.250516835756798,1.6176849656438348,9.249624194960441,6.648685208796161,2.599721232,205811495517.73666,250457622911.77844,70394211297.22824,158423357664.23355,2.6496131043007725,2.644235610001678,6530795.694540098,7947503.424248856,2233744.091426929,5027078.684528576,1.0020336668482772
168,2011,Resto industria,2274560000000.0,835896.0,3.163671681030504,4.11,2.250516835756798,1.6176849656438348,9.249624194960441,6.648685208796161,2.599721232,718962088777.5266,874924577297.9093,245908369038.30856,553420924574.2092,1.6752004877440398,1.6137206487346354,860109.4978053808,1046690.7094876746,294185.36401455273,662069.114547993,1.0380981919377512
169,2011,Total,3871510000000.0,772752.0,3.163671681030504,4.11,2.250516835756798,1.6176849656438348,9.249624194960441,6.648685208796161,2.599721232,1223739499649.6387,1489201977637.27,418558626642.2965,941973236009.7323,1.8542825328587813,1.4112103962701408,1583612.2063089304,1927140.8907867854,541646.7723697856,1218985.1802515325,1.3139660377784133
170,2011,Total Manufactura,1933490000000.0,305472.0,3.163671681030504,4.11,2.250516835756798,1.6176849656438348,9.249624194960441,6.648685208796161,2.599721232,611153809541.3882,743729741558.6904,209034438507.61432,470435523114.3552,1.8884409347674724,1.1463525385311082,2000686.8372269413,2434690.3858903283,684299.8327428187,1540028.2942932746,1.6473474531554209
171,2012,"Alimentos, bebidas y tabaco",959770000000.0,134723.0,3.9120057032833038,4.552518519,2.645295065688402,1.7692344305123848,12.042754774765772,8.054472509360052,3.1120078849999997,245339621870.81564,308408601606.09784,79696881481.89227,210821767334.803,2.6173142246214622,1.278134072064209,1821067.0922620164,2289205.2701179297,591561.0659047993,1564853.568691337,2.0477618755553975
172,2012,"Combustibles, quimicos y plasticos",851880000000.0,60213.0,3.9120057032833038,4.552518519,2.645295065688402,1.7692344305123848,12.042754774765772,8.054472509360052,3.1120078849999997,217760418724.60114,273739666311.9316,70737967843.12323,187122797292.23874,1.7517502908575724,1.2512312199987532,3616501.7309318776,4546188.8016197765,1174795.6063162975,3107681.0205809167,1.4000212453612835
173,2012,Comunicaciones,457300000000.0,63643.0,3.9120057032833038,4.552518519,2.645295065688402,1.7692344305123848,12.042754774765772,8.054472509360052,3.1120078849999997,116896557593.51094,146946928445.84488,37973039271.56437,100449893414.26114,1.3472707700316533,1.071972376621189,1836754.3578007156,2308925.2305178083,596656.965755297,1578333.7274211012,1.2568148204324006
174,2012,"Electricidad, gas y agua",201220000000.0,43845.0,3.9120057032833038,4.552518519,2.645295065688402,1.7692344305123848,12.042754774765772,8.054472509360052,3.1120078849999997,51436530327.93849,64659219203.7457,16708801579.322508,44199710371.348404,0.9002708248095331,1.358018955584464,1173144.7218140834,1474722.755245654,381087.9593869884,1008090.0985596626,0.6629294982278614
175,2012,"Maquinarias, equipos y vehiculos",282720000000.0,61378.0,3.9120057032833038,4.552518519,2.645295065688402,1.7692344305123848,12.042754774765772,8.054472509360052,3.1120078849999997,72269833288.51392,90848098863.34848,23476356140.075832,62101889057.68622,1.97170571234341,1.4727774445110977,1177455.0048635327,1480141.074380861,382488.1250623323,1011793.949911796,1.3387669126056831
176,2012,Minas y canteras,781050000000.0,35400.0,3.9120057032833038,4.552518519,2.645295065688402,1.7692344305123848,12.042754774765772,8.054472509360052,3.1120078849999997,199654616900.09125,250979441204.08298,64856423186.213326,171564376232.68896,2.6551334656668186,2.9702970297029703,5639960.929381109,7089814.72327918,1832102.3498930319,4846451.306008163,0.8938949334411623
177,2012,Resto industria,2706770000000.0,838523.0,3.9120057032833038,4.552518519,2.645295065688402,1.7692344305123848,12.042754774765772,8.054472509360052,3.1120078849999997,691913612939.8373,869782500567.154,224763357771.9053,594565401261.578,1.6653550568681788,1.6187921458398087,825157.5841567104,1037279.2404825557,268046.74143929896,709062.7225032324,1.0287639837813853
178,2012,Total,4694560000000.0,794878.0,3.9120057032833038,4.552518519,2.645295065688402,1.7692344305123848,12.042754774765772,8.054472509360052,3.1120078849999997,1200039150265.018,1508530882144.5999,389824428696.0753,1031200637714.5282,1.8783499532258305,1.451617203664846,1509714.8873978371,1897814.3591149836,490420.4528192695,1297306.8039554853,1.2939705788024747
179,2012,Total Manufactura,2367360000000.0,316631.0,3.9120057032833038,4.552518519,2.645295065688402,1.7692344305123848,12.042754774765772,8.054472509360052,3.1120078849999997,605152491984.6361,760717866882.9113,196579606931.84042,520011064231.76306,1.9315763231680814,1.1882292014575586,1911223.133504414,2402537.549648996,620847.6331497561,1642325.180515373,1.6255923695518384
180,2013,"Alimentos, bebidas y tabaco",1174750000000.0,135498.0,4.90914244141516,5.49,2.7039072200168492,1.8144801867546825,14.844450637892503,9.961496225283208,3.8389479840000003,239298413932.62863,306008313969.3825,79137317281.46873,213979963570.1275,2.5969441475806736,1.2854865946910043,1766066.0226175194,2258397.2750105723,584047.8625623164,1579211.2324176556,2.020203212002306
181,2013,"Combustibles, quimicos y plasticos",1050070000000.0,66971.0,4.90914244141516,5.49,2.7039072200168492,1.8144801867546825,14.844450637892503,9.961496225283208,3.8389479840000003,213900902760.7877,273530666311.8361,70738218989.36104,191269581056.4663,1.7504128310152,1.3916630301519024,3193933.2361886143,4084315.0962631004,1056251.4967577166,2856006.048236794,1.2577849616542156
182,2013,Comunicaciones,560250000000.0,66981.0,4.90914244141516,5.49,2.7039072200168492,1.8144801867546825,14.844450637892503,9.961496225283208,3.8389479840000003,114123802005.3247,145938419154.1575,37741376468.98733,102049180327.86885,1.3380243359321717,1.1281960586154625,1703823.5022666832,2178803.2300825235,563463.9146771074,1523554.1471143884,1.1859856500245298
183,2013,"Electricidad, gas y agua",261340000000.0,44956.0,4.90914244141516,5.49,2.7039072200168492,1.8144801867546825,14.844450637892503,9.961496225283208,3.8389479840000003,53235367096.959496,68075941921.90544,17605232175.645065,47602914389.79964,0.9478429393123472,1.3924301554853498,1184166.0089189317,1514279.3380617814,391610.2895196429,1058877.889265051,0.6807112985727921
184,2013,"Maquinarias, equipos y vehiculos",394210000000.0,63020.0,4.90914244141516,5.49,2.7039072200168492,1.8144801867546825,14.844450637892503,9.961496225283208,3.8389479840000003,80301194089.27988,102686986550.21942,26556051794.448,71805100182.14935,2.228648926038032,1.5121775644871025,1274217.6148727369,1629434.886547436,421390.8567827357,1139401.780103925,1.4738010789056648
185,2013,Minas y canteras,918480000000.0,38724.0,4.90914244141516,5.49,2.7039072200168492,1.8144801867546825,14.844450637892503,9.961496225283208,3.8389479840000003,187095813772.1564,239253046362.71414,61873626879.49215,167300546448.08743,2.5310789087454664,3.249202886390334,4831520.859729274,6178417.683160679,1597810.837710261,4320332.260305946,0.7789845685990204
186,2013,Resto industria,3441330000000.0,852766.0,4.90914244141516,5.49,2.7039072200168492,1.8144801867546825,14.844450637892503,9.961496225283208,3.8389479840000003,701004307996.4017,896425274409.2402,231826026031.272,626836065573.7705,1.7163674399846265,1.6462886564104149,822035.9488961822,1051197.2503702543,271851.8632676162,735062.2158643409,1.0425677376208204
187,2013,Total,5850380000000.0,817270.0,4.90914244141516,5.49,2.7039072200168492,1.8144801867546825,14.844450637892503,9.961496225283208,3.8389479840000003,1191731564080.1633,1523953964571.352,394112260716.88367,1065642987249.5446,1.8975540321729603,1.4925097839406407,1458185.867681627,1864688.4928742668,482230.1818455145,1303905.6704021248,1.2713846519403647
188,2013,Total Manufactura,2981840000000.0,326900.0,4.90914244141516,5.49,2.7039072200168492,1.8144801867546825,14.844450637892503,9.961496225283208,3.8389479840000003,607405475718.978,776733629220.2285,200872371281.18726,543140255009.1074,1.97224273666381,1.2267659387630268,1858077.3194217742,2376058.822943495,614476.5104961372,1661487.4732612646,1.6076764722147916
189,2014,"Alimentos, bebidas y tabaco",1696090000000.0,139419.0,6.802796220329471,8.1236,2.6256536160227677,1.6721521353828568,21.329759715122556,13.583895086996176,5.441769483000001,249322476385.72592,311679869075.40967,79517538999.63025,208785513811.61063,2.645075885078996,1.3226856156196043,1788296.260808971,2235562.362916171,570349.3713168955,1497539.8891945188,1.9997767072109014
190,2014,"Combustibles, quimicos y plasticos",1561360000000.0,68983.0,6.802796220329471,8.1236,2.6256536160227677,1.6721521353828568,21.329759715122556,13.583895086996176,5.441769483000001,229517385120.84677,286921378216.7112,73201012147.03387,192200502240.38605,1.8361044072130939,1.4334725598985931,3327158.6495346213,4159305.600172668,1061145.6757032005,2786200.980537032,1.280878656891056
191,2014,Comunicaciones,727900000000.0,66468.0,6.802796220329471,8.1236,2.6256536160227677,1.6721521353828568,21.329759715122556,13.583895086996176,5.441769483000001,107000118249.13176,133761638061.65398,34126029065.574856,89603131616.5247,1.2263825247523614,1.11955533097524,1609798.9746815274,2012421.587254829,513420.4288616305,1348064.2055805004,1.0954193069529352
192,2014,"Electricidad, gas y agua",339240000000.0,44772.0,6.802796220329471,8.1236,2.6256536160227677,1.6721521353828568,21.329759715122556,13.583895086996176,5.441769483000001,49867729241.428024,62340016617.71603,15904539222.703138,41759810921.26643,0.8679798313404319,1.3867310908753019,1113815.0907135715,1392388.4708683111,355234.05750699405,932721.5876276788,0.6259179137554093
193,2014,"Maquinarias, equipos y vehiculos",398300000000.0,58662.0,6.802796220329471,8.1236,2.6256536160227677,1.6721521353828568,21.329759715122556,13.583895086996176,5.441769483000001,58549453357.09463,73193104052.69513,18673440550.65045,49029986705.40155,1.5885336420954732,1.4076064787042593,998081.4387012824,1247708.977748715,318322.60322952596,835804.8942313858,1.128535330100045
194,2014,Minas y canteras,1338990000000.0,44203.0,6.802796220329471,8.1236,2.6256536160227677,1.6721521353828568,21.329759715122556,13.583895086996176,5.441769483000001,196829356140.13593,246057831773.8344,62775672013.345345,164827170220.09946,2.603067328932661,3.70892767242826,4452850.624168856,5566541.45134571,1420167.6812285443,3728868.4075763966,0.701838255915197
195,2014,Resto industria,4541600000000.0,850225.0,6.802796220329471,8.1236,2.6256536160227677,1.6721521353828568,21.329759715122556,13.583895086996176,5.441769483000001,667607826679.8418,834581474681.6976,212923167473.84912,559062484612.7333,1.5979563607262501,1.6413831847148515,785213.1220322171,981600.7229635657,250431.55338157443,657546.5137025296,0.9735425436345349
196,2014,Total,8065790000000.0,822951.0,6.802796220329471,8.1236,2.6256536160227677,1.6721521353828568,21.329759715122556,13.583895086996176,5.441769483000001,1185658035132.1123,1482199866274.6367,378147250964.17505,992883696883.1553,1.8455638412455304,1.5028845047582002,1440739.5277873315,1801079.124121165,459501.53893023403,1206491.8772601956,1.2280144185414061
197,2014,Total Manufactura,4189110000000.0,328967.0,6.802796220329471,8.1236,2.6256536160227677,1.6721521353828568,21.329759715122556,13.583895086996176,5.441769483000001,615792368949.8837,769806588295.721,196397430442.2177,515671623418.189,1.9546539447846065,1.2345228221996225,1871897.0867895067,2340072.372899777,597012.5588348305,1567548.1839156786,1.5833275089251762
198,2015,"Alimentos, bebidas y tabaco",2073700000000.0,139551.0,8.56869511954671,9.43,2.687444409628227,1.8053785023032782,25.34260078279418,17.024719276719914,6.7414957609999995,242008843945.15604,307602359107.9731,81826645093.5018,219904559915.16437,2.6104720355649733,1.323937916247652,1734196.415254323,2204228.9851593548,586356.56565343,1575800.6744141164,1.9717480733263222
199,2015,"Combustibles, quimicos y plasticos",1833760000000.0,66427.0,8.56869511954671,9.43,2.687444409628227,1.8053785023032782,25.34260078279418,17.024719276719914,6.7414957609999995,214006914053.56094,272010851153.89722,72358792837.27629,194460233297.98517,1.740687033213082,1.380358664256177,3221685.670789904,4094883.8748385026,1089297.9185764266,2927427.6016978812,1.261039669100112
200,2015,Comunicaciones,993690000000.0,69528.0,8.56869511954671,9.43,2.687444409628227,1.8053785023032782,25.34260078279418,17.024719276719914,6.7414957609999995,115967482345.4994,147399039505.23303,39210261350.70734,105375397667.02016,1.3514159129180265,1.1710965133906013,1667924.8985372714,2119995.3904216005,563949.2197489836,1515582.1779286065,1.1539748410704067
201,2015,"Electricidad, gas y agua",435600000000.0,45080.0,8.56869511954671,9.43,2.687444409628227,1.8053785023032782,25.34260078279418,17.024719276719914,6.7414957609999995,50836211806.19664,64614740621.80309,17188448957.288605,46193001060.44539,0.8996515354004598,1.3962708294616861,1127688.815576678,1433334.97386431,381287.6876062246,1024689.4645174221,0.6443245224476319
202,2015,"Maquinarias, equipos y vehiculos",667720000000.0,59569.0,8.56869511954671,9.43,2.687444409628227,1.8053785023032782,25.34260078279418,17.024719276719914,6.7414957609999995,77925517326.06433,99046268613.38466,26347729884.666546,70808059384.94168,2.1496332455460734,1.429370125974805,1308155.539392374,1662714.9794924315,442306.06329914124,1188672.957157946,1.5039024577906732
203,2015,Minas y canteras,1385000000000.0,49383.0,8.56869511954671,9.43,2.687444409628227,1.8053785023032782,25.34260078279418,17.024719276719914,6.7414957609999995,161634879135.86398,205444021490.35187,54651060160.34141,146871686108.16544,2.173410276806897,4.143564356435643,3273087.482248223,4160217.51392892,1106677.6048506857,2974134.5424167314,0.5245267334707208
204,2015,Resto industria,6080300000000.0,880134.0,8.56869511954671,9.43,2.687444409628227,1.8053785023032782,25.34260078279418,17.024719276719914,6.7414957609999995,709594624989.0208,901921504597.6798,239924072991.2808,644782608695.6522,1.7268909613615924,1.6991233472267,806234.7608307607,1024754.7584773225,272599.48256888246,732595.9554972905,1.0163423180431335
205,2015,Total,10033640000000.0,842452.0,8.56869511954671,9.43,2.687444409628227,1.8053785023032782,25.34260078279418,17.024719276719914,6.7414957609999995,1170964757178.8955,1488340326199.606,395919901275.96246,1064012725344.6448,1.853209646014508,1.5384975008263617,1389948.3379217992,1766676.7082274195,469961.37616856804,1262995.0731254062,1.204558112716535
206,2015,Total Manufactura,5212520000000.0,325849.0,8.56869511954671,9.43,2.687444409628227,1.8053785023032782,25.34260078279418,17.024719276719914,6.7414957609999995,608321328659.4033,773199329168.8729,205682125709.01285,552759278897.1368,1.9632686207722727,1.2228218243499342,1866881.066565812,2372876.1762929237,631219.1404884252,1696366.3503559527,1.6055230465124943
207,2017,"Alimentos, bebidas y tabaco",3180105249110.0,137557.0,15.342177333550014,16.556716666666663,2.8553079528392846,1.7802410014029917,47.27452477124005,29.474945858612262,11.28103968,207278613717.74133,281898241590.97363,67268899359.61133,192073423320.24368,2.3923336566149933,1.305020587063355,1506856.1666635745,2049319.4936715225,489025.6356245871,1396318.7865411697,1.833176947804619
208,2017,"Combustibles, quimicos y plasticos",2945357673560.0005,63237.0,15.342177333550014,16.556716666666663,2.8553079528392846,1.7802410014029917,47.27452477124005,29.474945858612262,11.28103968,191977814460.47702,261089204285.11432,62303274074.408875,177895033952.58527,1.6707958174576245,1.3140701951249922,3035846.33142744,4128741.152886986,985234.4999669319,2813147.9031672166,1.271466184725924
209,2017,Comunicaciones,1794938474420.0,67721.0,15.342177333550014,16.556716666666663,2.8553079528392846,1.7802410014029917,47.27452477124005,29.474945858612262,11.28103968,116993724905.9727,159111085975.721,37968408632.46434,108411499124.92717,1.4587968431207023,1.140660266127674,1727584.1305647097,2349508.807839828,560659.3026160916,1600854.9655930535,1.27890563600768
210,2017,"Electricidad, gas y agua",1170107476120.0,57067.0,15.342177333550014,16.556716666666663,2.8553079528392846,1.7802410014029917,47.27452477124005,29.474945858612262,11.28103968,76267367446.02924,103723372074.86891,24751332388.471664,70672676212.1717,1.4441734199669842,1.7675463048999567,1336453.0717582707,1817571.8379250516,433724.0855217843,1238415.8307282967,0.817049836806807
211,2017,"Maquinarias, equipos y vehiculos",1001510351640.0,52811.0,15.342177333550014,16.556716666666663,2.8553079528392846,1.7802410014029917,47.27452477124005,29.474945858612262,11.28103968,65278241143.12081,88778195986.27634,21184990361.855083,60489671461.02842,1.9267819398288295,1.2672105578884223,1236072.8095116701,1681055.0072196387,401147.3057100809,1145399.092254046,1.520490756516
212,2017,Minas y canteras,2115597700660.0,40095.0,15.342177333550014,16.556716666666663,2.8553079528392846,1.7802410014029917,47.27452477124005,29.474945858612262,11.28103968,137894228091.97015,187535702441.56787,44751326658.434135,127778818907.93568,1.983956602863936,3.3642389662695082,3439187.631674028,4677284.011511856,1116132.3521245576,3186901.5814424665,0.5897192865178299
213,2017,Resto industria,4284467925519.999,432336.0,15.342177333550014,16.556716666666663,2.8553079528392846,1.7802410014029917,47.27452477124005,29.474945858612262,11.28103968,279260748482.6027,379793711134.256,90629529249.68375,258775215628.70255,0.7271833785937755,0.834636761500638,645934.5242649299,878468.8555527552,209627.53332982623,598551.1630507349,0.871257308731925
214,2017,Total,16492084851029.998,850824.0,15.342177333550014,16.556716666666663,2.8553079528392846,1.7802410014029917,47.27452477124005,29.474945858612262,11.28103968,1074950738247.9138,1461929513488.7778,348857760724.92914,996096338607.5944,1.8203241748536432,1.5537865630838177,1263423.1500849926,1718251.3815886457,410023.41344970185,1170743.113273244,1.1715406852539807
215,2017,Total Manufactura,7977120067990.0,306250.0,15.342177333550014,16.556716666666663,2.8553079528392846,1.7802410014029917,47.27452477124005,29.474945858612262,11.28103968,519947064524.2621,707126319405.8724,168740354484.59894,481805676124.7954,1.795499376989927,1.1492721589054051,1697786.3331404477,2308983.900100808,550988.912602772,1573243.0240809645,1.5622925893375894
216,2018,"Alimentos, bebidas y tabaco",5269447717316.492,133637.0,20.59241032452324,28.112430345117847,2.2739457489217654,1.3737089798793134,63.926141475139964,38.61829801132009,17.95541733,255892711648.28986,293473976152.7165,82430248341.60703,187441912798.9627,2.4905713016453612,1.267831053260725,1914834.302238825,2196053.309732458,616822.0503423979,1402619.879217303,1.9644346896535463
217,2018,"Combustibles, quimicos y plasticos",4628589795329.37,60933.0,20.59241032452324,28.112430345117847,2.2739457489217654,1.3737089798793134,63.926141475139964,38.61829801132009,17.95541733,224771637821.20453,257782356726.1731,72405274094.78278,164645665227.3465,1.6496342106972948,1.2661928807430958,3688832.6165001644,4230586.9844940035,1188276.8630263202,2702077.1212207917,1.3028301104719269
218,2018,Comunicaciones,2279567896141.2793,67747.0,20.59241032452324,28.112430345117847,2.2739457489217654,1.3737089798793134,63.926141475139964,38.61829801132009,17.95541733,110699420816.54088,126957110171.56734,35659400732.44955,81087542704.65132,1.1639957731057802,1.1410981977429677,1634012.1454313975,1873988.6662371373,526361.3257037145,1196917.0989807863,1.0200662619642225
219,2018,"Electricidad, gas y agua",1947718094925.3362,55472.0,20.59241032452324,28.112430345117847,2.2739457489217654,1.3737089798793134,63.926141475139964,38.61829801132009,17.95541733,94584269846.53775,108475233915.67621,30468256803.561,69283163035.51419,1.5103351001030276,1.718144087220467,1705081.2995121458,1955495.2753763378,549254.701535207,1248975.393631277,0.8790503144275734
220,2018,"Maquinarias, equipos y vehiculos",1674493398038.1516,53103.0,20.59241032452324,28.112430345117847,2.2739457489217654,1.3737089798793134,63.926141475139964,38.61829801132009,17.95541733,81316046623.45033,93258394793.2193,26194188471.227222,59564163520.60265,2.0240171455249985,1.2742171565686862,1531289.1291160637,1756179.402165966,493271.34947606013,1121672.2882059894,1.5884397216683486
221,2018,Minas y canteras,4802239363763.935,41872.0,20.59241032452324,28.112430345117847,2.2739457489217654,1.3737089798793134,63.926141475139964,38.61829801132009,17.95541733,233204335387.8302,267453508626.6321,75121683445.12804,170822632721.89545,2.8294140661790097,3.5133411646249373,5569457.761459453,6387407.065022739,1794079.1804816592,4079638.7256853133,0.8053342768609437
222,2018,Resto industria,6221082548986.035,414425.0,20.59241032452324,28.112430345117847,2.2739457489217654,1.3737089798793134,63.926141475139964,38.61829801132009,17.95541733,302105603518.27423,346473848791.68585,97316722164.52063,221292946665.01224,0.6633865084450106,0.8000590741573728,728975.3357501942,836035.1059701656,234823.48353627467,533975.8621343119,0.8291719072665895
223,2018,Total,26823138814500.598,827189.0,20.59241032452324,28.112430345117847,2.2739457489217654,1.3737089798793134,63.926141475139964,38.61829801132009,17.95541733,1302574025662.1277,1493874429177.6702,419595774053.2762,954138026673.985,1.8601004443355975,1.5106239990065398,1574699.4044433953,1805965.0565682936,507255.02158911224,1153470.3999617803,1.231345752191737
224,2018,Total Manufactura,13273015010026.395,300586.0,20.59241032452324,28.112430345117847,2.2739457489217654,1.3737089798793134,63.926141475139964,38.61829801132009,17.95541733,644558592260.5538,739220635537.6533,207630473289.05493,472140432082.2606,1.876991640872775,1.1280167221444575,2144340.0300098932,2459265.0207849112,690752.3081216521,1570733.2746111283,1.6639750138672158
225,2019,"Alimentos, bebidas y tabaco",7874404180270.0,130560.0,31.4315481565974,48.25485833333334,2.0687401540599253,1.1998081427071416,99.82676306263988,57.89657195351291,26.9417363,250525495627.46188,292275304478.7986,78880692298.20587,163183655537.34396,2.4803987565008416,1.2386391666508547,1918853.367244653,2238628.251216288,604171.969195817,1249874.812632843,2.0025192350469343
226,2019,"Combustibles, quimicos y plasticos",7030119120679.999,60755.0,31.4315481565974,48.25485833333334,2.0687401540599253,1.1998081427071416,99.82676306263988,57.89657195351291,26.9417363,223664424216.5461,260937863929.72748,70423190184.66719,145687281312.01984,1.669827340674047,1.2624940257257444,3681415.9199497346,4294919.988967615,1159134.066079618,2397947.1864376566,1.3226417762366416
227,2019,Comunicaciones,3260496470170.0,65871.0,31.4315481565974,48.25485833333334,2.0687401540599253,1.1998081427071416,99.82676306263988,57.89657195351291,26.9417363,103733244507.25887,121020279979.87643,32661546564.66307,67568252872.01651,1.1095644361019972,1.109499747347145,1574793.8319937282,1837231.5583470182,495841.06153941905,1025766.3140382947,1.000058304434054
228,2019,"Electricidad, gas y agua",2732584771100.0,55245.0,31.4315481565974,48.25485833333334,2.0687401540599253,1.1998081427071416,99.82676306263988,57.89657195351291,26.9417363,86937644861.96451,101425711419.34903,27373268322.69761,56628179327.021126,1.4121823616314473,1.711113175989593,1573674.4476778805,1835925.6298189706,495488.6111448567,1025037.1857547493,0.8253003842453237
229,2019,"Maquinarias, equipos y vehiculos",2106921841250.0,47927.0,31.4315481565974,48.25485833333334,2.0687401540599253,1.1998081427071416,99.82676306263988,57.89657195351291,26.9417363,67032073340.86605,78202897459.50784,21105781421.841118,43662377510.174706,1.6972628109108934,1.1500179964007198,1398628.6089441453,1631708.587216138,440373.5143414175,911018.3719025749,1.4758576093790867
230,2019,Minas y canteras,7067725484100.0,44632.0,31.4315481565974,48.25485833333334,2.0687401540599253,1.1998081427071416,99.82676306263988,57.89657195351291,26.9417363,224860877004.44696,262333704309.17627,70799906430.55412,146466609336.57285,2.7752512083938226,3.7449236449068635,5038108.912987251,5877704.434243957,1586303.693102575,3281650.1464548497,0.74107017166243
231,2019,Resto industria,8913174146429.998,411323.0,31.4315481565974,48.25485833333334,2.0687401540599253,1.1998081427071416,99.82676306263988,57.89657195351291,26.9417363,283574137106.54736,330831467102.9572,89286418521.22469,184710399207.05734,0.6334363548953587,0.7940705762433083,689419.5975098581,804310.6441967924,217071.30046514462,449064.1155662517,0.7977078786776123
232,2019,Total,38985426013999.99,816313.0,31.4315481565974,48.25485833333334,2.0687401540599253,1.1998081427071416,99.82676306263988,57.89657195351291,26.9417363,1240327896665.0916,1447027228679.3926,390530803743.85364,807906755102.2062,1.8017685680006548,1.4907620972970208,1519426.8579149072,1772637.7366027401,478408.1642015423,989702.1793138247,1.208622469854537
233,2019,Total Manufactura,19442884337080.0,288817.0,31.4315481565974,48.25485833333334,2.0687401540599253,1.1998081427071416,99.82676306263988,57.89657195351291,26.9417363,618578640804.207,721664116988.6293,194766250458.10477,402920762978.37366,1.832413017150538,1.0838508967137384,2141766.7270424077,2498689.886636276,674358.6785338286,1395072.87652172,1.690650460046172
234,2020,"Alimentos, bebidas y tabaco",10756733655580.0,133622.0,44.11803428009902,70.63476524170274,2.253124766700758,1.1346104260750742,159.1489389561743,80.14294108660118,39.06634575,243817156206.16852,275345273510.2566,67589100663.38638,152286676663.7065,2.3367217946830205,1.2676887463711743,1824678.2431498445,2060628.2910767433,505823.14786028035,1139682.6620145373,1.8432930018287292
235,2020,"Combustibles, quimicos y plasticos",8053690006720.0,59111.0,44.11803428009902,70.63476524170274,2.253124766700758,1.1346104260750742,159.1489389561743,80.14294108660118,39.06634575,182548704586.1628,206154168046.80276,50604735787.38585,114018783514.90726,1.3192484257139858,1.228331567026162,3088235.7697579605,3487577.0676659634,856096.7635023235,1928892.820539447,1.0740165449854366
236,2020,Comunicaciones,4418357663880.0,64485.0,44.11803428009902,70.63476524170274,2.253124766700758,1.1346104260750742,159.1489389561743,80.14294108660118,39.06634575,100148561375.79672,113098821480.63463,27762407295.07287,62552167459.76248,1.0369371984664693,1.0861546235472461,1553052.048938462,1753877.9790747403,430525.0414061079,970026.6334769711,0.9546865390859003
237,2020,"Electricidad, gas y agua",3880376323450.0,57884.0,44.11803428009902,70.63476524170274,2.253124766700758,1.1346104260750742,159.1489389561743,80.14294108660118,39.06634575,87954424687.51105,99327854933.80833,24382043316.78617,54935785659.821625,1.3829732401507422,1.7928513906956576,1519494.5872350053,1715981.1853674303,421222.50219034916,949066.85197674,0.7713819713825386
238,2020,"Maquinarias, equipos y vehiculos",2544078724410.0,47858.0,44.11803428009902,70.63476524170274,2.253124766700758,1.1346104260750742,159.1489389561743,80.14294108660118,39.06634575,57665278290.91415,65122004005.45525,15985521116.861336,36017373537.01824,1.4133639438062968,1.1483623275344932,1204924.5328035888,1360733.9212974894,334019.83193742606,752588.3559074396,1.2307648116955872
239,2020,Minas y canteras,6752371824370.0,39998.0,44.11803428009902,70.63476524170274,2.253124766700758,1.1346104260750742,159.1489389561743,80.14294108660118,39.06634575,153052418008.9296,172843702033.9943,42428004036.07741,95595586695.36574,1.8285286452089544,3.356100016781339,3826501.7753120055,4321308.616280671,1060753.1385588632,2390009.167842536,0.5448373517075934
240,2020,Resto industria,11347989852999.998,389188.0,44.11803428009902,70.63476524170274,2.253124766700758,1.1346104260750742,159.1489389561743,80.14294108660118,39.06634575,257218845720.85083,290479942137.92053,71304213068.77173,160657288435.35745,0.5561761017757019,0.7513383385489766,660911.5535958222,746374.3541371279,183212.77395184778,412801.2385668557,0.740247200548581
241,2020,Total,47753598051410.0,792146.0,44.11803428009902,70.63476524170274,2.253124766700758,1.1346104260750742,159.1489389561743,80.14294108660118,39.06634575,1082405388876.3337,1222371766148.8723,300056025284.34174,676063661965.9393,1.5220384129664928,1.4466279874575634,1366421.5799566414,1543114.231655367,378788.7905567177,853458.4053519671,1.0521284159872109
242,2020,Total Manufactura,24370032873940.004,288746.0,44.11803428009902,70.63476524170274,2.253124766700758,1.1346104260750742,159.1489389561743,80.14294108660118,39.06634575,552382563538.9417,623811426589.3427,153127209227.89758,345014707567.14496,1.5839504160182172,1.0835844532091432,1913039.7080442384,2160415.8207883146,530318.0277056568,1194872.6824515143,1.4617692338859147
243,2021,"Alimentos, bebidas y tabaco",16926533451562.402,134465.0,64.94087545664176,95.09325,1.9041550487208627,1.159401326959528,181.07229208677518,110.25124023489414,61.80601691,260645292083.62033,273865463231.68332,93479423364.51294,177999315951.05228,2.324163362552137,1.2756863935639338,1938387.6256544106,2036704.4452584935,695195.2059235708,1323759.461205907,1.8218924135884473
244,2021,"Combustibles, quimicos y plasticos",12455209632406.283,61303.0,64.94087545664176,95.09325,1.9041550487208627,1.159401326959528,181.07229208677518,110.25124023489414,61.80601691,191793066305.7059,201520988652.9846,68785839560.90521,130978903680.40091,1.2895991846665895,1.2738815119589386,3128608.1644569742,3287294.0745637994,1122063.1871344831,2136582.282765948,1.0123384102525208
245,2021,Comunicaciones,5690132253962.541,64965.0,64.94087545664176,95.09325,1.9041550487208627,1.159401326959528,181.07229208677518,110.25124023489414,61.80601691,87620196277.79115,92064373962.94821,31424643651.363632,59837393862.99807,0.8440846046486424,1.0942395149065185,1348729.25848982,1417138.0583844872,483716.5189157798,921071.2516431628,0.7713892554142985
246,2021,"Electricidad, gas y agua",4930683676726.958,56517.0,64.94087545664176,95.09325,1.9041550487208627,1.159401326959528,181.07229208677518,110.25124023489414,61.80601691,75925734632.55765,79776758368.15155,27230470327.089188,51851037552.37052,1.1107571192657715,1.7505110574242706,1343414.0989889351,1411553.3090601333,481810.2575700973,917441.4344776,0.6345330493942477
247,2021,"Maquinarias, equipos y vehiculos",4408243353131.816,49836.0,64.94087545664176,95.09325,1.9041550487208627,1.159401326959528,181.07229208677518,110.25124023489414,61.80601691,67880873519.71427,71323854432.34375,24345212082.582222,46357058499.22909,1.5479647121964957,1.1958248350329934,1362085.1095536214,1431171.33061128,488506.5431130553,930192.2004019,1.2944744638572308
248,2021,Minas y canteras,13160204447101.053,44224.0,64.94087545664176,95.09325,1.9041550487208627,1.159401326959528,181.07229208677518,110.25124023489414,61.80601691,202649015039.6503,212927561183.31543,72679283480.84474,138392624577.4653,2.2525792979231585,3.7106897130391006,4582331.201149835,4814751.293038066,1643435.3174937759,3129355.657051947,0.6070513764618353
249,2021,Resto industria,16412163022368.973,372674.0,64.94087545664176,95.09325,1.9041550487208627,1.159401326959528,181.07229208677518,110.25124023489414,61.80601691,252724696225.05582,265543127399.1957,90638732371.61974,172590199855.0788,0.5084300842365573,0.7194575988478609,678138.792148247,712534.6211412541,243211.8483490121,463113.0689425042,0.7066852654704837
250,2021,Total,73983169837260.02,783984.0,64.94087545664176,95.09325,1.9041550487208627,1.159401326959528,181.07229208677518,110.25124023489414,61.80601691,1139238874084.0952,1197022127230.6223,408583604838.9176,778006533978.5948,1.4904742642705815,1.4317224301062308,1453140.4647085848,1526845.0978982,521163.19317603117,992375.5254936259,1.0410357712702674
251,2021,Total Manufactura,38733655824511.4,294295.0,64.94087545664176,95.09325,1.9041550487208627,1.159401326959528,181.07229208677518,110.25124023489414,61.80601691,596444928593.12,626697168997.545,213912660949.52335,407322873332.34906,1.5912777471525386,1.104408326547155,2026690.6627469715,2129486.2943561566,726864.7477854647,1384063.1792329093,1.4408418597562935
