"sector","country","Continent","year","value_added","employment","PT","PTeu","PTger","TCC","TCP_1","PTrel_nominal","PTrel_ger_nominal","PT_tcp","PTrel_tcp","PTrel_ger_tcp"
"Mining","Argentina","South America",2011,5873,6800,0.863676470588235,1.69760925449871,0.365581395348837,4.11,9.24962419496044,0.508760463162808,2.36247380631642,0.383768055793193,0.22606383346238,1.04974722640632
"Mining","Argentina","South America",2012,5077,6500,0.781076923076923,1.36457858769932,0.362093023255814,4.552518519,12.0427547747658,0.572394239597311,2.15711674324391,0.295270245353011,0.216382001018232,0.81545411369168
"Mining","Argentina","South America",2013,4760,7200,0.661111111111111,1.23468085106383,0.368863636363636,5.49,14.8444506378925,0.535451011928696,1.79229136715273,0.244502143496992,0.198028618720638,0.662852391489071
"Mining","Argentina","South America",2014,4856,7600,0.638947368421053,0.924990476190476,0.342727272727273,8.1236,21.3297597151226,0.690761023889157,1.86430266648052,0.243347928501286,0.263081550313363,0.710033743637706
"Mining","Argentina","South America",2010,5364,8500,0.631058823529412,1.44299719887955,0.294285714285714,3.89,7.76258689096076,0.437325050956032,2.14437464306111,0.316237210354187,0.219153031343191,1.0745924623686
"Mining","Argentina","South America",2007,3446,5600,0.615357142857143,1.39380403458213,0.401666666666667,3.11916666666667,4.55311234908122,0.441494734976592,1.53200948429164,0.421558121332665,0.302451500263486,1.04952229377427
"Mining","Argentina","South America",2016,4365,7200,0.60625,0.415666666666667,0.177692307692308,14.7774461886724,36.5722685591162,1.45850040096231,3.41179653679654,0.244962292601604,0.589323879554781,1.37857567264972
"Mining","Argentina","South America",2015,4403,7600,0.579342105263158,0.523192771084337,0.239230769230769,9.43,25.3426007827942,1.10732054661697,2.42168725672703,0.215573614541594,0.41203477275653,0.901111572038819
"Mining","Argentina","South America",2008,3307,6400,0.51671875,2.01104519774011,0.622333333333333,3.18316666666667,5.56801849870742,0.256940396257954,0.830292581681843,0.295401658852875,0.146889616993606,0.474667903887855
"Mining","Argentina","South America",2017,3787,7500,0.504933333333333,0.525405405405405,0.238205128205128,16.5567166666667,47.2745247712401,0.961035665294925,2.11974165769645,0.176840236385443,0.336578639210976,0.742386352963645
"Mining","Argentina","South America",2009,4214,8500,0.495764705882353,1.2842209631728,0.261190476190476,3.75,7.06523643464366,0.386043149971258,1.89809641267628,0.263135942336315,0.204899273475656,1.00744845744077
"Mining","Argentina","South America",2006,3973,10100,0.393366336633663,1.29458333333333,0.600384615384615,3.07775,4.13760266056034,0.303855554528739,0.655190567102835,0.29260500388655,0.226022532773646,0.487362594557994
"Mining","Argentina","South America",2000,1506,4300,0.350232558139535,0.910540540540541,1.00666666666667,1,1.95421063162881,0.384642465157696,0.347913137224704,0.179219451819081,0.196827536874621,0.1780325680322
"Mining","Argentina","South America",2002,1640,6000,0.273333333333333,0.74284046692607,0.492777777777778,3.14,3.1215238766912,0.367956977982644,0.55467869222097,0.274951177876757,0.370134894527927,0.557961804034005
"Mining","Argentina","South America",2018,1426,5900,0.241694915254237,0.60718,0.23825,28.1124303451178,63.92614147514,0.39806139078072,1.01445924555818,0.106288778159656,0.175053160775479,0.446122888393098
"Mining","Argentina","South America",2003,1713,7100,0.241267605633803,0.71491961414791,0.796875,2.93,3.62678218036872,0.337475152253813,0.302767191383596,0.194914954731352,0.272638980486869,0.244599158878559
"Mining","Argentina","South America",2005,2338,10000,0.2338,0.966107954545455,0.316363636363636,2.92841666666667,3.95378151066347,0.242001940776899,0.739022988505747,0.173166831505511,0.179241699326433,0.547366421425467
"Mining","Argentina","South America",2004,1833,8100,0.226296296296296,0.846,0.325813953488372,2.93,3.52632076693515,0.267489711934156,0.6945567980543,0.188028313920071,0.22225569021285,0.57710331895525
"Mining","Argentina","South America",1999,785,3600,0.218055555555556,0.595857142857143,0.955,1,1.94204817638903,0.365952742481153,0.228330424665503,0.112281228759731,0.188436490366367,0.117571967287677
"Mining","Argentina","South America",2001,1772,8200,0.21609756097561,0.786788617886179,1.39285714285714,1,2.06059852973482,0.27465771118574,0.155146966854284,0.104871258451019,0.133290258739089,0.0752921855545777
"Mining","Argentina","South America",2019,1209,6300,0.191904761904762,0.518066914498141,0.179117647058824,48.2548583333333,99.8267630626399,0.370424662402274,1.07138947533036,0.092764072630459,0.179058090826589,0.517894658363811
"Food","Argentina","South America",2008,2076,11500,0.180521739130435,0.117626004382761,0.164180327868852,3.18316666666667,5.56801849870742,1.53470943842492,1.09953330873255,0.103202024695516,0.877374227213327,0.628589466442986
"Food","Argentina","South America",2012,2338,13300,0.175789473684211,0.111354246365723,0.209230769230769,4.552518519,12.0427547747658,1.57865083210982,0.840170278637771,0.066453635348412,0.596776840733643,0.317609286591675
"Food","Argentina","South America",2011,2154,12800,0.16828125,0.109953881629516,0.233473684210526,4.11,9.24962419496044,1.53047120761971,0.72077181018936,0.074774490608692,0.680053214134277,0.320269459324876
"Total Manufacturing","Argentina","South America",2008,7486,45000,0.166355555555556,0.163970619319383,0.162016784683976,3.18316666666667,5.56801849870742,1.01454489984896,1.0267797616157,0.0951033943910546,0.580002654047502,0.586997171784145
"Total Manufacturing","Argentina","South America",2011,8724,52500,0.166171428571429,0.175733520336606,0.16037587657784,4.11,9.24962419496044,0.945587547857337,1.03613730516868,0.0738370075403363,0.420164618559433,0.460399712948716
"Total Manufacturing","Argentina","South America",2015,8710,53100,0.164030131826742,0.162321200510856,0.126325301204819,9.43,25.3426007827942,1.01052808450472,1.29847410029753,0.0610357301676925,0.37601822790616,0.483163147727084
"Chemicals","Argentina","South America",2014,1872,12000,0.156,0.221678759894459,0.146646433990895,8.1236,21.3297597151226,0.703721006352938,1.06378311258278,0.0594137776011378,0.268017457466041,0.405149828633587
"Total Manufacturing","Argentina","South America",2012,8107,52700,0.153833017077799,0.169316977654918,0.115558132792114,4.552518519,12.0427547747658,0.908550454942109,1.33121757301618,0.0581534434752238,0.343459021538556,0.503239729390924
"Machinery","Argentina","South America",2013,365,2400,0.152083333333333,0.124238026124819,0.125347222222222,5.49,14.8444506378925,1.22412869937695,1.21329639889197,0.0562457662036146,0.452725851802459,0.448719686056538
"Finance and insurance","Argentina","South America",2018,1373,9100,0.150879120879121,0.184916086778551,0.0967222222222222,28.1124303451178,63.92614147514,0.815932910476353,1.55992198496506,0.0663512403278148,0.358818107627784,0.685997889661497
"Finance and insurance","Argentina","South America",2019,1356,9000,0.150666666666667,0.169179954441913,0.12219512195122,48.2548583333333,99.8267630626399,0.890570441183071,1.23300066533599,0.0728301552860477,0.43048927118049,0.596015242859872
"Total Manufacturing","Argentina","South America",2017,7748,51500,0.150446601941748,0.163159263386934,0.113820038642009,16.5567166666667,47.2745247712401,0.922084341512144,1.32179362910724,0.052690149163121,0.322936914946506,0.462925068307557
"Chemicals","Argentina","South America",2013,1783,11900,0.149831932773109,0.232869955156951,0.227896253602305,5.49,14.8444506378925,0.643414615990822,0.657456761156663,0.0554131190833447,0.23795735712663,0.24315063634194
"Chemicals","Argentina","South America",2015,1759,11800,0.14906779661017,0.230057432432432,0.132772727272727,9.43,25.3426007827942,0.647959055415219,1.12272903985749,0.0554682344595143,0.24110603110293,0.417768284186688
"Wholesale Trade","Argentina","South America",2008,531,3600,0.1475,0.235157409777323,0.148314763231198,3.18316666666667,5.56801849870742,0.627239431407549,0.994506526434407,0.0843239086655924,0.358584952715039,0.568546966117902
"Chemicals","Argentina","South America",2017,1912,13000,0.147076923076923,0.255604196816208,0.146904761904762,16.5567166666667,47.2745247712401,0.57540887398918,1.00117192370029,0.0515100036515051,0.201522526989427,0.350635357109111
"Machinery","Argentina","South America",2014,436,3000,0.145333333333333,0.12362472406181,0.12843984962406,8.1236,21.3297597151226,1.17560087139745,1.13152836723743,0.0553512970814019,0.447736466159692,0.430951120259122
"Total Manufacturing","Argentina","South America",2010,7337,50500,0.145287128712871,0.165926159490913,0.152518392756084,3.89,7.76258689096076,0.875613159242848,0.952587593453223,0.072806519093678,0.438788671521474,0.477362223519588
"Chemicals","Argentina","South America",2012,1736,12000,0.144666666666667,0.28103049015824,0.197783933518006,4.552518519,12.0427547747658,0.514772139440134,0.731437908496732,0.0546882911260484,0.194599137962771,0.276505225441225
"Food","Argentina","South America",2010,1659,11500,0.144260869565217,0.110838323353293,0.213092783505155,3.89,7.76258689096076,1.30154323162568,0.676986180349593,0.0722922384626912,0.65223143291569,0.339252401106969
"Total Manufacturing","Argentina","South America",2013,7761,54000,0.143722222222222,0.164722414589104,0.129379014989293,5.49,14.8444506378925,0.872511628613103,1.11086192945677,0.0531535332123292,0.322685490890352,0.4108358161231
"Total Manufacturing","Argentina","South America",2014,7767,54100,0.143567467652495,0.158320982426424,0.125819609830251,8.1236,21.3297597151226,0.906812637542943,1.14105796263547,0.0546787538068199,0.345366438287677,0.434580538602763
"Chemicals","Argentina","South America",2008,1567,11100,0.141171171171171,0.223957201086957,0.172032193158954,3.18316666666667,5.56801849870742,0.630348881330939,0.820609030082714,0.0807057962308647,0.36036258641904,0.469131938324442
"Food","Argentina","South America",2013,1883,13500,0.139481481481481,0.110209302325581,0.222233009708738,5.49,14.8444506378925,1.26560533946058,0.627636198890022,0.0515851581181888,0.468065372247757,0.232121943476341
"Machinery","Argentina","South America",2015,432,3200,0.135,0.169909768536681,0.114075403949731,9.43,25.3426007827942,0.794539367351651,1.18342776203966,0.0502335972109189,0.295648670724157,0.440354322418662
"All Industries Total","Argentina","South America",2011,18439,139000,0.132654676258993,0.158964081826832,0.149200773445053,4.11,9.24962419496044,0.834494652719731,0.889101800185011,0.0589440941526589,0.370801337479935,0.395065607179084
"All Industries Total","Argentina","South America",2015,17739,136400,0.130051319648094,0.14641159245543,0.123616930312099,9.43,25.3426007827942,0.888258350770164,1.05205103637301,0.0483921896885245,0.330521571939433,0.391468948196233
"All Industries Total","Argentina","South America",2012,17419,134300,0.129702159344751,0.160092543880626,0.139244157937147,4.552518519,12.0427547747658,0.810169894242321,0.931472898154162,0.0490312634787293,0.306268251413944,0.352124385001927
"All Industries Total","Argentina","South America",2014,17773,138100,0.12869659666908,0.15274506838364,0.134425106990014,8.1236,21.3297597151226,0.84255811353491,0.957385116149772,0.0490150703366671,0.32089461777947,0.364627348522834
"All Industries Total","Argentina","South America",2017,16963,133400,0.12715892053973,0.147018117080323,0.126466586029634,16.5567166666667,47.2745247712401,0.864920072879573,1.00547444611127,0.0445342228018819,0.302916563524963,0.352142207677264
"Information","Argentina","South America",1999,686,5400,0.127037037037037,0.0743613138686131,0.0939669421487603,1,1.94204817638903,1.70837536923426,1.35193328772924,0.065413947285924,0.879677131599665,0.696137873491364
"Total Manufacturing","Argentina","South America",2016,6754,53500,0.126242990654206,0.156580839589722,0.108599489795918,14.7774461886724,36.5722685591162,0.80624801211305,1.16246393874818,0.0510099338812982,0.325773792086925,0.469706938560732
"Food","Argentina","South America",2014,1730,13800,0.12536231884058,0.114090909090909,0.189047619047619,8.1236,21.3297597151226,1.09879323286564,0.663125616033293,0.0477451854561355,0.418483697225092,0.252556396619356
"Wholesale Trade","Argentina","South America",2010,501,4000,0.12525,0.236854024556617,0.159631268436578,3.89,7.76258689096076,0.528806720656168,0.784620715143675,0.0627654809980101,0.264996472470777,0.393190391912139
"Chemicals","Argentina","South America",2016,1577,12800,0.123203125,0.24061790247161,0.12358407079646,14.7774461886724,36.5722685591162,0.512028089907136,0.996917517006803,0.0497816411640115,0.206890844998057,0.402816000825872
"Chemicals","Argentina","South America",2018,1736,14100,0.123120567375887,0.266304271090717,0.120601769911504,28.1124303451178,63.92614147514,0.462330427039773,1.02088524460487,0.0541440214368643,0.203316383981014,0.448948812912068
"All Industries Total","Argentina","South America",2013,16469,133900,0.122994772218073,0.159065009560229,0.144062194724845,5.49,14.8444506378925,0.773235877319088,0.853761616314326,0.0454877931119644,0.285969826033554,0.315751076809879
"Food","Argentina","South America",2015,1691,13800,0.122536231884058,0.126653512233623,0.201028037383178,9.43,25.3426007827942,0.967491779130688,0.609547968925811,0.0455958201200557,0.360004387686861,0.226813238161133
"Primary and fabricated metals","Argentina","South America",2005,49,400,0.1225,0.0739483675018983,0.100550458715596,2.92841666666667,3.95378151066347,1.65656124858815,1.21829379562044,0.0907311242918098,1.22695236361345,0.902344210566357
"Total Manufacturing","Argentina","South America",2018,6455,53200,0.121334586466165,0.156990029641606,0.115038631346578,28.1124303451178,63.92614147514,0.772880843090235,1.05472905097957,0.0533586109183557,0.339885348389121,0.463832108342818
"All Industries Total","Argentina","South America",2010,16498,141200,0.116841359773371,0.147276269358949,0.137580099822895,3.89,7.76258689096076,0.793348176742578,0.849260611990975,0.0585517297136702,0.397563911474189,0.425582840752718
"Primary and fabricated metals","Argentina","South America",2004,46,400,0.115,0.0690702625975869,0.0909465020576132,2.93,3.52632076693515,1.66497122893547,1.26447963800905,0.0955528501999706,1.38341518631071,1.05064898636167
"Finance and insurance","Argentina","South America",2014,1158,10100,0.114653465346535,0.214821852731591,0.172413793103448,8.1236,21.3297597151226,0.533714163101405,0.664990099009901,0.0436666377647357,0.203269067878745,0.253266499035467
"Chemicals","Argentina","South America",2019,1284,11200,0.114642857142857,0.251534815895005,0.113966101694915,48.2548583333333,99.8267630626399,0.455773316051448,1.00593821704768,0.0554167505850695,0.220314433959716,0.486256437316939
"Primary and fabricated metals","Argentina","South America",2006,57,500,0.114,0.0787925052047189,0.100954545454545,3.07775,4.13760266056034,1.44683811872468,1.12922107158937,0.0847987418764091,1.07622852777792,0.839969527816749
"Chemicals","Argentina","South America",2010,1377,12100,0.113801652892562,0.224977307110439,0.176779220779221,3.89,7.76258689096076,0.505836141227782,0.643750166964977,0.0570284669235149,0.253485418845023,0.322597116743362
"Chemicals","Argentina","South America",2011,1351,11900,0.113529411764706,0.263980842911877,0.182252747252747,4.11,9.24962419496044,0.430066858308368,0.622922910496728,0.0504459286688822,0.191096930036405,0.276791046660734
"All Industries Total","Argentina","South America",2016,14858,131200,0.113246951219512,0.141082143989851,0.117304017982579,14.7774461886724,36.5722685591162,0.802702227346778,0.965414085273109,0.0457587345169051,0.324341076927473,0.390086676516917
"Total Manufacturing","Argentina","South America",2009,5434,48200,0.112738589211618,0.153705882352941,0.152321525885559,3.75,7.06523643464366,0.733469581552817,0.740135634515114,0.0598380129885761,0.389302036282355,0.392840162548879
"Total Manufacturing","Argentina","South America",2007,5406,48000,0.112625,0.161014736842105,0.158735146554001,3.11916666666667,4.55311234908122,0.699470136764206,0.709515204697819,0.0771551674766431,0.479180781770946,0.486062281426725
"All Industries Total","Argentina","South America",2008,13440,119500,0.112468619246862,0.151024840244078,0.153686261773303,3.18316666666667,5.56801849870742,0.74470278574767,0.731806590577109,0.0642969056075774,0.425737286023043,0.418364692235272
"Food","Argentina","South America",2007,1156,10300,0.112233009708738,0.122525490196078,0.1712,3.11916666666667,4.55311234908122,0.915997230691594,0.655566645494964,0.0768866296158525,0.627515380618435,0.449104144952409
"Utilities","Argentina","South America",2000,501,4500,0.111333333333333,0.176603773584906,0.08,1,1.95421063162881,0.630413105413105,1.39166666666667,0.0569709997128296,0.322592199228629,0.71213749641037
"Wholesale Trade","Argentina","South America",2007,422,3800,0.111052631578947,0.21257,0.134935988620199,3.11916666666667,4.55311234908122,0.522428525092663,0.823002319207253,0.0760779967875306,0.357896207308325,0.563808051250622
"Chemicals","Argentina","South America",2005,1083,9900,0.109393939393939,0.198868921775899,0.144676258992806,2.92841666666667,3.95378151066347,0.550080618012367,0.756129168361888,0.0810239600973243,0.407423942231801,0.560036322900451
"Information","Argentina","South America",2014,1098,10200,0.107647058823529,0.235437471369675,0.225714285714286,8.1236,21.3297597151226,0.457221436321435,0.476917349218168,0.0409981949510114,0.174136235462016,0.181637572567772
"Finance and insurance","Argentina","South America",2017,1004,9400,0.106808510638298,0.217527287993283,0.192651515151515,16.5567166666667,47.2745247712401,0.491012008762763,0.554413032019478,0.0374070021176135,0.171964641598293,0.194169259910538
"Wholesale Trade","Argentina","South America",2009,448,4200,0.106666666666667,0.237465918203689,0.145222841225627,3.75,7.06523643464366,0.449187266423522,0.734503372654327,0.0566152320166727,0.238414137257837,0.389850739311125
"Machinery","Argentina","South America",2017,296,2800,0.105714285714286,0.150952789699571,0.103883495145631,16.5567166666667,47.2745247712401,0.700313561111923,1.01762349799733,0.0370237772808935,0.245267261072677,0.356397108404863
"Information","Argentina","South America",2013,1046,9900,0.105656565656566,0.240159386068477,0.216145251396648,5.49,14.8444506378925,0.439943519952369,0.488822053567466,0.0390755144534535,0.162706588708183,0.180783589743297
"Finance and insurance","Argentina","South America",2016,1084,10300,0.105242718446602,0.170713094245204,0.159424460431655,14.7774461886724,36.5722685591162,0.616488845872808,0.660141600364516,0.0425245321077191,0.249099416162177,0.266737814213581
"Finance and insurance","Argentina","South America",2015,1126,10700,0.105233644859813,0.182413509060956,0.137338129496403,9.43,25.3426007827942,0.576896115871813,0.766237644605239,0.0391575150290721,0.214663460127765,0.285117579310687
"Utilities","Argentina","South America",2004,231,2200,0.105,0.1732,1.505,2.93,3.52632076693515,0.606235565819861,0.0697674418604651,0.087243906704321,0.50371770614504,0.0579693732254625
"Chemicals","Argentina","South America",2007,1185,11600,0.102155172413793,0.225531840447866,0.153055555555556,3.11916666666667,4.55311234908122,0.452952329085469,0.667438513048376,0.0699826808984822,0.310300668675027,0.457237116578105
"Chemicals","Argentina","South America",2009,1202,11900,0.101008403361345,0.226732203389831,0.198383838383838,3.75,7.06523643464366,0.445496501384395,0.509156412055657,0.0536120080494017,0.236455198017126,0.270243828762259
"Total Manufacturing","Argentina","South America",2005,4189,41700,0.100455635491607,0.141733981814337,0.138754334489197,2.92841666666667,3.95378151066347,0.708761824127664,0.723981963240419,0.074403695915116,0.524953119658914,0.536226101973836
"Utilities","Argentina","South America",2003,279,2800,0.0996428571428571,0.153191489361702,0.115,2.93,3.62678218036872,0.650446428571429,0.866459627329193,0.080499339885609,0.525481802031059,0.699994259874861
"Wholesale Trade","Argentina","South America",2006,336,3400,0.0988235294117647,0.21904354392147,0.14933615819209,3.07775,4.13760266056034,0.451159288434423,0.661752187870325,0.0735097452798592,0.335594210921886,0.492243447064602
"Wholesale Trade","Argentina","South America",2003,592,6100,0.0970491803278689,0.16852584714321,0.233712328767123,2.93,3.62678218036872,0.575871191114073,0.415250581087535,0.0784039636843443,0.465234057644095,0.335472091258258
"Information","Argentina","South America",2012,900,9300,0.0967741935483871,0.246449738524114,0.21225,4.552518519,12.0427547747658,0.392673143529906,0.455944374786276,0.0365835156930605,0.148442095788554,0.172360497964949
"Wholesale Trade","Argentina","South America",2005,337,3500,0.0962857142857143,0.224922995220393,0.132787794729542,2.92841666666667,3.95378151066347,0.428083016551366,0.72510967202841,0.071315192737819,0.317064925566815,0.537061353289822
"All Industries Total","Argentina","South America",2018,12269,127500,0.0962274509803922,0.146792279603547,0.125288532858626,28.1124303451178,63.92614147514,0.655534822677874,0.768046754039125,0.0423173908287039,0.288280766147877,0.337759488942649
"Total Manufacturing","Argentina","South America",2019,4905,51000,0.0961764705882353,0.153022078621432,0.103594662218515,48.2548583333333,99.8267630626399,0.628513685441238,0.928392144233911,0.0464903581049016,0.303814707810342,0.448771752417495
"Machinery","Argentina","South America",2016,287,3000,0.0956666666666667,0.158848614072495,0.102085020242915,14.7774461886724,36.5722685591162,0.602250559284116,0.937127371273713,0.0386552181314971,0.243346272532512,0.378657104044409
"All Industries Total","Argentina","South America",2007,10790,112800,0.0956560283687943,0.14479287262679,0.141992945326279,3.11916666666667,4.55311234908122,0.660640448893864,0.673667470936609,0.0655303608341385,0.452580017547176,0.461504342230239
"Total Manufacturing","Argentina","South America",2006,4238,44700,0.0948098434004474,0.143126795883183,0.147034556656844,3.07775,4.13760266056034,0.6624185416533,0.644813338824279,0.0705241705075202,0.492739113401803,0.479643507696715
"All Industries Total","Argentina","South America",2009,12984,137100,0.0947045951859956,0.144830086527771,0.140495401000484,3.75,7.06523643464366,0.653901392013848,0.67407612285949,0.0502661496515644,0.347069803358337,0.357777900868023
"All Industries Total","Argentina","South America",2006,9823,103800,0.0946339113680154,0.131851378095284,0.136828906121102,3.07775,4.13760266056034,0.717731681951985,0.691622216757755,0.070393303709222,0.533883716090942,0.514462226621322
"Information","Argentina","South America",2018,942,10000,0.0942,0.320004196391104,0.210467289719626,28.1124303451178,63.92614147514,0.294371139698651,0.447575488454707,0.0414257904106405,0.129453897410803,0.196827689784127
"Food","Argentina","South America",2009,948,10100,0.0938613861386139,0.118902077151335,0.228210526315789,3.75,7.06523643464366,0.789400726945667,0.411292974315882,0.0498186014404137,0.41898848728274,0.218301067197385
"Total Manufacturing","Argentina","South America",1999,4183,44600,0.0937892376681614,0.102132654651223,0.103071939231457,1,1.94204817638903,0.918308037605073,0.909939585569937,0.0482939809673257,0.472855436219167,0.468546350514251
"Food","Argentina","South America",2003,665,7100,0.0936619718309859,0.0971882446386021,0.156140350877193,2.93,3.62678218036872,0.963717085119412,0.599857572400696,0.0756675101554869,0.778566486480533,0.484612143692444
"Total Manufacturing","Argentina","South America",2001,3677,39300,0.0935623409669211,0.0893993367565255,0.0854774396642183,1,2.06059852973482,1.04656638809003,1.09458520674535,0.0454054196471555,0.507894368062426,0.531197703458621
"Total Manufacturing","Argentina","South America",2000,4066,43700,0.0930434782608696,0.092505533888479,0.0874484004127967,1,1.95421063162881,1.00581526693353,1.06398147732447,0.0476117961671916,0.51469132889488,0.54445588418361
"Information","Argentina","South America",2017,966,10400,0.0928846153846154,0.242417346500644,0.214077669902913,16.5567166666667,47.2745247712401,0.383159937708371,0.433882783882784,0.0325305070131759,0.134192158617203,0.151956563372205
"Information","Argentina","South America",2010,675,7300,0.0924657534246575,0.191375394321767,0.110518518518519,3.89,7.76258689096076,0.483164273820862,0.836653935142679,0.0463365867428505,0.242124056266832,0.419265362619626
"Information","Argentina","South America",2015,822,8900,0.0923595505617978,0.217222963951936,0.213877551020408,9.43,25.3426007827942,0.425183179906494,0.431833776481688,0.0343670552703914,0.158210967409485,0.160685659184082
"Information","Argentina","South America",2011,811,8800,0.0921590909090909,0.225,0.193486842105263,4.11,9.24962419496044,0.40959595959596,0.476306760223795,0.040950189505292,0.182000842245742,0.211643277960026
"Total Manufacturing","Argentina","South America",2004,3676,39900,0.0921303258145363,0.133172221626835,0.136417214912281,2.93,3.52632076693515,0.691813387875263,0.675357035208336,0.0765505671428772,0.57482383493895,0.561150344493552
"Information","Argentina","South America",2019,847,9300,0.0910752688172043,0.328911827956989,0.163352601156069,48.2548583333333,99.8267630626399,0.276898734177215,0.55753791597227,0.0440245086549261,0.133848967756438,0.269506015474247
"Information","Argentina","South America",2008,545,6000,0.0908333333333333,0.177187134502924,0.176509433962264,3.18316666666667,5.56801849870742,0.512640681210601,0.514608943523962,0.0519282827375682,0.293070277835049,0.294195508828553
"Chemicals","Argentina","South America",2006,981,11000,0.0891818181818182,0.193942795076032,0.156106870229008,3.07775,4.13760266056034,0.459835685810633,0.571286952656146,0.0663377717549899,0.342048137075591,0.424951007330253
"Wholesale Trade","Argentina","South America",2004,444,5000,0.0888,0.186001094091904,0.134474393530997,2.93,3.52632076693515,0.47741654657216,0.660348767288034,0.0737834182413686,0.396682710935625,0.548680059481815
"Food","Argentina","South America",2006,815,9200,0.0885869565217391,0.111270072992701,0.161382113821138,3.07775,4.13760266056034,0.796143600333132,0.548926733106998,0.0658952847342424,0.592210312817581,0.408318389033341
"Food","Argentina","South America",2005,768,8700,0.0882758620689655,0.104104089219331,0.162521739130435,2.92841666666667,3.95378151066347,0.84795768092243,0.543163410269183,0.0653825976599671,0.628050234628309,0.402300627656298
"Wholesale Trade","Argentina","South America",2017,666,7800,0.0853846153846154,0.213610350833541,0.22293542074364,16.5567166666667,47.2745247712401,0.399721338649702,0.383001566551426,0.0299038201114909,0.13999237394069,0.134136693091396
"Food","Argentina","South America",2004,769,9100,0.0845054945054945,0.10032991202346,0.15981981981982,2.93,3.52632076693515,0.84227617468392,0.528754785237311,0.0702151378918083,0.69984251431806,0.439339363359116
"Machinery","Argentina","South America",2019,312,3700,0.0843243243243243,0.111547217537943,0.108207547169811,48.2548583333333,99.8267630626399,0.755951839817443,0.779283206484601,0.0407611966920238,0.365416525769986,0.376694581460726
"Information","Argentina","South America",2009,580,6900,0.0840579710144927,0.176310068649886,0.121229508196721,3.75,7.06523643464366,0.476762170522513,0.693378800795681,0.0446152643609648,0.25305000844598,0.368023140773341
"Transportation Equipment","Argentina","South America",2015,922,11100,0.0830630630630631,0.081077449947313,0.130512820512821,9.43,25.3426007827942,1.0244903252019,0.636436043115807,0.0309078255778894,0.381213587723521,0.236818309928818
"Chemicals","Argentina","South America",2004,779,9400,0.0828723404255319,0.19304531085353,0.138025641025641,2.93,3.52632076693515,0.429289580042739,0.60041264659033,0.0688581593947984,0.356694286384627,0.498879475459249
"Information","Argentina","South America",2016,766,9300,0.0823655913978495,0.251152647975078,0.222307692307692,14.7774461886724,36.5722685591162,0.327950320499996,0.370502660267143,0.0332807655262749,0.132512102876882,0.149705865689126
"Total Manufacturing","Argentina","South America",2003,2918,35600,0.0819662921348315,0.111199413330436,0.100931590656285,2.93,3.62678218036872,0.737110832511889,0.812097496946835,0.066218819882544,0.595496126276948,0.656076253747426
"All Industries Total","Argentina","South America",2005,7679,94800,0.0810021097046413,0.129794754846066,0.131908448333894,2.92841666666667,3.95378151066347,0.624078452174035,0.614078254484535,0.0599952039470255,0.462231343771777,0.454824574959461
"All Industries Total","Argentina","South America",2019,10217,126700,0.0806393054459353,0.140750338544873,0.118655622342765,48.2548583333333,99.8267630626399,0.572924415526196,0.679607960025606,0.0389799102065476,0.276943633738546,0.328512964130303
"Electrical equipment","Argentina","South America",2018,24,300,0.08,0.0924786324786325,0.134814814814815,28.1124303451178,63.92614147514,0.865064695009242,0.593406593406594,0.0351811383529856,0.380424508992543,0.26095899327764
"Wholesale Trade","Argentina","South America",2000,544,6800,0.08,0.146855030996662,0.216319444444444,1,1.95421063162881,0.5447549154909,0.369823434991974,0.040937245302632,0.278759570065819,0.189244408461605
"Utilities","Argentina","South America",1999,303,3800,0.0797368421052632,0.150899470899471,0.03,1,1.94204817638903,0.528410349154794,2.65789473684211,0.041058117442546,0.272089207455862,1.36860391475153
"All Industries Total","Argentina","South America",1999,7256,93800,0.0773560767590618,0.0919512816881462,0.096648454573837,1,1.94204817638903,0.841272414466346,0.800386070322146,0.039832213072538,0.433188231216063,0.412135023246618
"Electrical equipment","Argentina","South America",2014,23,300,0.0766666666666667,0.0760794044665012,0.10538961038961,8.1236,21.3297597151226,1.0077190693629,0.72745943725611,0.0291990787356019,0.383797414561238,0.277058418070406
"Electrical equipment","Argentina","South America",2016,23,300,0.0766666666666667,0.0836692506459948,0.123208955223881,14.7774461886724,36.5722685591162,0.916306361951822,0.622249141934181,0.0309780493736736,0.370244135503758,0.251426930107345
"Food","Argentina","South America",2018,774,10100,0.0766336633663366,0.10258872651357,0.183495145631068,28.1124303451178,63.92614147514,0.746998875711747,0.417633191890618,0.0337007439173401,0.328503384949245,0.183660138808785
"Wholesale Trade","Argentina","South America",2011,558,7300,0.0764383561643836,0.248812920592194,0.167914764079148,4.11,9.24962419496044,0.307212165599979,0.455221174764322,0.033964800862589,0.136507383867969,0.202274058799139
"All Industries Total","Argentina","South America",2000,7733,102200,0.075665362035225,0.0885513490225645,0.100332612672543,1,1.95421063162881,0.854480060105512,0.754145237722208,0.0387191435818558,0.437250747834339,0.385907857380572
"Computers and electronic products","Argentina","South America",2000,15,200,0.075,0.0782170880557977,0.0892399049881235,1,1.95421063162881,0.958869754221702,0.840431195102475,0.0383786674712175,0.490668579273104,0.430061724923678
"Chemicals","Argentina","South America",2001,830,11100,0.0747747747747748,0.125232436211115,0.107752525252525,1,2.06059852973482,0.597087919368753,0.693949163599972,0.0362878909674839,0.289764313985798,0.336770677832755
"Wholesale Trade","Argentina","South America",2013,562,7600,0.0739473684210526,0.275020703933747,0.270909090909091,5.49,14.8444506378925,0.268879278408314,0.272960084775698,0.02734833794356,0.0994410149940865,0.100950240731262
"All Industries Total","Argentina","South America",2001,7088,96200,0.0736798336798337,0.0845274760468654,0.0964453711426188,1,2.06059852973482,0.871667262831587,0.763954068577116,0.0357565205529462,0.423016541190953,0.370743770585642
"Computers and electronic products","Argentina","South America",2015,29,400,0.0725,0.200846394984326,0.139132321041215,9.43,25.3426007827942,0.360972373965975,0.521086685375741,0.0269773022058638,0.134318080282044,0.193896730852872
"Computers and electronic products","Argentina","South America",2016,29,400,0.0725,0.209076433121019,0.0986925795053004,14.7774461886724,36.5722685591162,0.346763137852247,0.734604368063015,0.0292944597338001,0.140113638330742,0.296825352834422
"Computers and electronic products","Argentina","South America",2017,29,400,0.0725,0.212192106514503,0.0898409893992933,16.5567166666667,47.2745247712401,0.341671522050914,0.806981317600787,0.0253913067162885,0.119661881553323,0.282624967579533
"Computers and electronic products","Argentina","South America",2018,29,400,0.0725,0.203838951310861,0.0961036789297659,28.1124303451178,63.92614147514,0.355672944418925,0.754393596659126,0.0318829066323932,0.156412238325199,0.331755318708389
"Primary and fabricated metals","Argentina","South America",2015,43,600,0.0716666666666667,0.0910486577181208,0.120876288659794,9.43,25.3426007827942,0.787124911698762,0.592892679459844,0.0266672182724631,0.292889746436709,0.220615792957691
"Wholesale Trade","Argentina","South America",2012,549,7700,0.0712987012987013,0.261838389121339,0.286077844311377,4.552518519,12.0427547747658,0.272300412242686,0.24922832269771,0.0269530239645107,0.102937632846574,0.0942156986305239
"All Industries Total","Argentina","South America",2004,6441,90500,0.071171270718232,0.120227403871374,0.128106047478773,2.93,3.52632076693515,0.59197211639349,0.555565268923194,0.0591358066911372,0.491866286611363,0.46161604276282
"Computers and electronic products","Argentina","South America",2019,28,400,0.07,0.206613953488372,0.0937956204379562,48.2548583333333,99.8267630626399,0.338796092026473,0.746303501945525,0.0338370190488275,0.163769283136687,0.360752654450534
"Finance and insurance","Argentina","South America",2013,707,10100,0.07,0.170119863013699,0.113835616438356,5.49,14.8444506378925,0.411474584801208,0.614921780986763,0.0258884622526226,0.152177775093423,0.22741970450559
"All Industries Total","Argentina","South America",2003,5652,81300,0.069520295202952,0.106260327231492,0.115643769416638,2.93,3.62678218036872,0.65424506976625,0.601159020962784,0.0561639643117307,0.528550643264776,0.485663556238684
"Utilities","Argentina","South America",2001,375,5400,0.0694444444444444,0.123489010989011,-0.38,1,2.06059852973482,0.562353231986157,-0.182748538011696,0.0337011035591593,0.272907712915105,-0.0886871146293665
"Wholesale Trade","Argentina","South America",2001,464,6700,0.0692537313432836,0.12607606467775,0.193311688311688,1,2.06059852973482,0.549301181951514,0.358249063717355,0.033608551274758,0.266573606660879,0.17385679866687
"Primary and fabricated metals","Argentina","South America",2001,83,1200,0.0691666666666667,0.0480952380952381,0.06132,1,2.06059852973482,1.43811881188119,1.12796260056534,0.0335662991449226,0.697913150537995,0.54739561554016
"Wholesale Trade","Argentina","South America",2016,610,8900,0.0685393258426966,0.221,0.231216730038023,14.7774461886724,36.5722685591162,0.310132696120799,0.296428921174629,0.0276941037390438,0.125312686602008,0.119775518555641
"Transportation Equipment","Argentina","South America",2011,788,11500,0.0685217391304348,0.0810830421929589,0.0961748120300752,4.11,9.24962419496044,0.845081009261701,0.712470736194494,0.0304471124329059,0.375505304308252,0.316580940375372
"Finance and insurance","Argentina","South America",2012,684,10000,0.0684,0.171747532894737,0.192463768115942,4.552518519,12.0427547747658,0.398258995906055,0.35539156626506,0.0258572288918551,0.150553713675194,0.134348553730271
"Primary and fabricated metals","Argentina","South America",2014,41,600,0.0683333333333333,0.0999092409240924,0.130046948356808,8.1236,21.3297597151226,0.683954083739367,0.525451263537906,0.0260252658295582,0.260489075773595,0.200122080205628
"Transportation Equipment","Argentina","South America",2012,789,11700,0.0674358974358974,0.0593496386881601,0.07546955624355,4.552518519,12.0427547747658,1.13624781761899,0.893550999800145,0.0254927695252583,0.42953537862639,0.337788782578631
"Chemicals","Argentina","South America",1999,802,11900,0.0673949579831933,0.13577474892396,0.110941475826972,1,1.94204817638903,0.496373283819789,0.607482075398967,0.0347030309559595,0.25559267265075,0.312804843249818
"Finance and insurance","Argentina","South America",2011,669,10000,0.0669,0.137645858833129,0.17958041958042,4.11,9.24962419496044,0.486029878175297,0.372535046728972,0.0297265050130154,0.215963671301244,0.165533108133224
"Wholesale Trade","Argentina","South America",2018,515,7700,0.0668831168831169,0.245553935860058,0.245851449275362,28.1124303451178,63.92614147514,0.272376480746917,0.272046868465703,0.029412802356798,0.119781433165707,0.119636481474854
"Wholesale Trade","Argentina","South America",1999,427,6500,0.0656923076923077,0.125582295988935,0.100874439461883,1,1.94204817638903,0.523101661543884,0.651228478123344,0.0338263017833334,0.269355656519561,0.335330753397793
"Transportation Equipment","Argentina","South America",2008,526,8100,0.0649382716049383,0.0770227219489342,0.0944897959183673,3.18316666666667,5.56801849870742,0.843105384512276,0.687251686531744,0.0371243992116356,0.481992823315812,0.392893209799167
"Information","Argentina","South America",2007,330,5200,0.0634615384615385,0.182820218265365,0.165109489051095,3.11916666666667,4.55311234908122,0.347125383962859,0.384360334625587,0.043475122116097,0.237802593873904,0.263310863391039
"Primary and fabricated metals","Argentina","South America",2000,81,1300,0.0623076923076923,0.0480157593123209,0.0593548387096774,1,1.95421063162881,1.2976508796291,1.0497491638796,0.0318838160530115,0.664028154706908,0.53717298784965
"Chemicals","Argentina","South America",2000,765,12400,0.0616935483870968,0.129981988472622,0.111704834605598,1,1.95421063162881,0.474631517120474,0.552290763465354,0.0315695490489047,0.242876335559015,0.282615780779489
"Machinery","Argentina","South America",2003,74,1200,0.0616666666666667,0.0665962441314554,0.0716239316239316,2.93,3.62678218036872,0.925978145928798,0.860978520286396,0.0498191852577604,0.74807800210807,0.69556619035298
"Transportation Equipment","Argentina","South America",2016,677,11000,0.0615454545454545,0.0685922810489857,0.0986727456940223,14.7774461886724,36.5722685591162,0.897265021723092,0.623733069476986,0.0248681495169688,0.362550262750543,0.252026528116318
"Transportation Equipment","Argentina","South America",2010,750,12200,0.0614754098360656,0.0749260951357162,0.0845528455284553,3.89,7.76258689096076,0.820480631276901,0.727064943253468,0.0308066560312212,0.411160570631902,0.364347951138482
"Information","Argentina","South America",2000,410,6700,0.0611940298507463,0.0720574443141852,0.0814102564102564,1,1.95421063162881,0.849239525952763,0.751674697379246,0.0313139376382073,0.43456908493274,0.384643643429948
"Finance and insurance","Argentina","South America",2009,624,10200,0.0611764705882353,0.181490445859873,0.136666666666667,3.75,7.06523643464366,0.337078187771213,0.447632711621234,0.0324705007154446,0.178910248204001,0.237589029625204
"Finance and insurance","Argentina","South America",2010,529,8900,0.059438202247191,0.131288596130095,0.0920975609756098,3.89,7.76258689096076,0.452729361111405,0.64538302228147,0.0297857672950255,0.226872463968696,0.323415375819928
"Primary and fabricated metals","Argentina","South America",1999,77,1300,0.0592307692307692,0.0611092294665538,0.0802222222222222,1,1.94204817638903,0.969260613295531,0.738333688472193,0.0304991245587432,0.499091951002851,0.380182993114528
"Wholesale Trade","Argentina","South America",2014,461,7800,0.0591025641025641,0.241462693917754,0.254957555178268,8.1236,21.3297597151226,0.244768925350826,0.231813346583274,0.0225096576874791,0.0932220929132274,0.0882878629415008
"Transportation Equipment","Argentina","South America",2014,697,11800,0.0590677966101695,0.075754468980021,0.0965621734587252,8.1236,21.3297597151226,0.779726891435905,0.611707405648006,0.0224964162255503,0.296964872547432,0.232973383052177
"Primary and fabricated metals","Argentina","South America",2016,41,700,0.0585714285714286,0.0898627787307033,0.118210526315789,14.7774461886724,36.5722685591162,0.651787418536798,0.495484035110037,0.0236664600805084,0.263362210859638,0.200206029176162
"Chemicals","Argentina","South America",2003,542,9300,0.0582795698924731,0.169047942876573,0.130071428571429,2.93,3.62678218036872,0.344751724870293,0.448058197965197,0.0470828219872819,0.278517568366144,0.361976665470591
"Information","Argentina","South America",2001,384,6600,0.0581818181818182,0.0640280777537797,0.0906586826347305,1,2.06059852973482,0.908692252257778,0.641767743485049,0.0282353973092011,0.440984616433129,0.311447249051293
"Transportation Equipment","Argentina","South America",2017,611,10600,0.0576415094339623,0.0769640021175225,0.0969625,16.5567166666667,47.2745247712401,0.74894116532486,0.594472187020366,0.0201874930431389,0.262297859878869,0.208198974274992
"Electrical equipment","Argentina","South America",2017,23,400,0.0575,0.0864466292134831,0.128620689655172,16.5567166666667,47.2745247712401,0.66515028432169,0.447050938337802,0.0201379329129184,0.232952205263979,0.15656837921572
"Machinery","Argentina","South America",2001,69,1200,0.0575,0.060747556066705,0.0692162162162162,1,2.06059852973482,0.946540136312003,0.830730183522062,0.0279045137469839,0.459352039057222,0.403149944802188
"Professional services","Argentina","South America",1999,245,4300,0.0569767441860465,0.0784961728950923,0.0858552631578947,1,1.94204817638903,0.725853784772338,0.663637173661231,0.0293384813408629,0.373756837547646,0.341720242437637
"Food","Argentina","South America",2017,666,11700,0.0569230769230769,0.157732680195941,0.187058823529412,16.5567166666667,47.2745247712401,0.360883216162719,0.304305757135946,0.0199358800743273,0.12639029559101,0.106575459516844
"Food","Argentina","South America",2000,495,8700,0.0568965517241379,0.0827863777089783,0.137560975609756,1,1.95421063162881,0.687269491656565,0.413609684519442,0.0291148511850616,0.351686497112,0.211650513933958
"Finance and insurance","Argentina","South America",2005,187,3300,0.0566666666666667,0.111515151515152,0.126315789473684,2.92841666666667,3.95378151066347,0.508152173913043,0.448611111111111,0.0419708602166195,0.376369126942512,0.332269310048238
"Information","Argentina","South America",2006,255,4500,0.0566666666666667,0.153549295774648,0.16014598540146,3.07775,4.13760266056034,0.369045435088363,0.353843816469158,0.0421514214005542,0.274513935006361,0.263206232081856
"Professional services","Argentina","South America",2001,136,2400,0.0566666666666667,0.081155630535639,0.0884210526315789,1,2.06059852973482,0.698246890482625,0.640873015873016,0.027500100504274,0.338856347030629,0.311013041417384
"Machinery","Argentina","South America",2000,56,1000,0.056,0.0605534658785599,0.0692118226600985,1,1.95421063162881,0.924802555683734,0.809110320284698,0.0286560717118424,0.473235863481575,0.414034345729823
"Information","Argentina","South America",2002,374,6800,0.055,0.0905351351351351,0.0836931818181818,3.14,3.1215238766912,0.607498955161502,0.657162253903598,0.0553255418898353,0.611094707123979,0.661051960122947
"Primary and fabricated metals","Argentina","South America",2013,43,800,0.05375,0.096337899543379,0.124021164021164,5.49,14.8444506378925,0.557932031472177,0.433393771331058,0.0198786406582638,0.206342890518522,0.160284261280369
"Machinery","Argentina","South America",2006,80,1500,0.0533333333333333,0.0954047384007897,0.106420047732697,3.07775,4.13760266056034,0.559021849724938,0.501158705240338,0.039671926024051,0.415827627527174,0.372786207761323
"Transportation Equipment","Argentina","South America",2018,539,10200,0.052843137254902,0.083129839189994,0.115014084507042,28.1124303451178,63.92614147514,0.635669908300057,0.459449270768802,0.0232385215346314,0.279544887384174,0.202049354513694
"Transportation Equipment","Argentina","South America",2007,575,10900,0.0527522935779817,0.0918510208660534,0.111975,3.11916666666667,4.55311234908122,0.574324521171196,0.471107779218412,0.0361386197184126,0.393448209695063,0.322738287282095
"Wholesale Trade","Argentina","South America",2015,421,8000,0.052625,0.242320105820106,0.237390438247012,9.43,25.3426007827942,0.217171413910936,0.221681211714358,0.0195818003942563,0.0808096394972422,0.0824877385073146
"All Industries Total","Argentina","South America",2002,4249,82300,0.0516281895504253,0.0916683657044747,0.098318219291014,3.14,3.1215238766912,0.563206174274634,0.525113147112744,0.0519337738848801,0.566539759771729,0.52822126213617
"Machinery","Argentina","South America",2002,61,1200,0.0508333333333333,0.0629994107248085,0.0671988795518207,3.14,3.1215238766912,0.806885854145231,0.756461025427261,0.0511342129587871,0.811661765887773,0.760938475460067
"Food","Argentina","South America",1999,492,9700,0.0507216494845361,0.0894780447390224,0.160325203252033,1,1.94204817638903,0.566861397479954,0.316367286338638,0.0261176061959729,0.291888432208697,0.162903933169608
"Machinery","Argentina","South America",2007,71,1400,0.0507142857142857,0.102718136135222,0.10503006012024,3.11916666666667,4.55311234908122,0.493722799326535,0.482854962248208,0.0347424568945087,0.338230990180474,0.330785842212552
"Wholesale Trade","Argentina","South America",2002,308,6100,0.0504918032786885,0.143295427623786,0.190012836970475,3.14,3.1215238766912,0.35236157996089,0.265728379638551,0.0507906614070619,0.354447188227177,0.267301210891104
"Food","Argentina","South America",2002,331,6600,0.0501515151515151,0.086813880126183,0.133611111111111,3.14,3.1215238766912,0.577690054615927,0.375354375354375,0.0504483591337065,0.581109369381721,0.37757607667639
"Computers and electronic products","Argentina","South America",2001,10,200,0.05,0.0715923862581244,0.0835406698564593,1,2.06059852973482,0.698398288048765,0.598510882016037,0.0242647945625947,0.338929819647422,0.290454871911929
"Computers and electronic products","Argentina","South America",2002,10,200,0.05,0.0772248803827751,0.0708395061728395,3.14,3.1215238766912,0.647459727385378,0.705820843499477,0.0502959471725775,0.651292004898928,0.709998557159076
"Computers and electronic products","Argentina","South America",2003,10,200,0.05,0.0819487179487179,0.0721967213114754,2.93,3.62678218036872,0.610137672090113,0.692552225249773,0.0403939339927787,0.492917217058314,0.559498177465827
"Transportation Equipment","Argentina","South America",2013,615,12400,0.0495967741935484,0.0744191156275748,0.0886268343815514,5.49,14.8444506378925,0.666452077202206,0.559613513668186,0.0183426316651647,0.246477420626161,0.206964761780805
"Machinery","Argentina","South America",2010,63,1300,0.0484615384615385,0.122549757934373,0.121030927835052,3.89,7.76258689096076,0.395443771398472,0.400406237714585,0.0242851239236888,0.198165417321296,0.200652216405266
"Machinery","Argentina","South America",2011,63,1300,0.0484615384615385,0.127653307580879,0.102639484978541,4.11,9.24962419496044,0.379634021083505,0.472152977693433,0.0215335151870757,0.1686874832713,0.209797576357459
"Wholesale Trade","Argentina","South America",2019,380,8000,0.0475,0.246543059282752,0.230846023688663,48.2548583333333,99.8267630626399,0.192664113677294,0.205764861100931,0.0229608343545615,0.0931311326360581,0.0994638503521648
"Food","Argentina","South America",2016,627,13300,0.0471428571428571,0.11021875,0.168333333333333,14.7774461886724,36.5722685591162,0.427720847340921,0.28005657708628,0.0190486142111409,0.172825532961868,0.113160084422619
"Machinery","Argentina","South America",2004,56,1200,0.0466666666666667,0.0743008474576271,0.0824940047961631,2.93,3.52632076693515,0.628077178975383,0.565697674418605,0.0387750696463649,0.521865779101347,0.470035001236458
"Total Manufacturing","Argentina","South America",2002,1724,37100,0.0464690026954178,0.0984472551130248,0.0900132135306554,3.14,3.1215238766912,0.472019282224455,0.516246458411265,0.0467440500946219,0.474813137663983,0.519302092005664
"Machinery","Argentina","South America",2018,171,3700,0.0462162162162162,0.0941456350848159,0.110403361344538,28.1124303451178,63.92614147514,0.490901316609952,0.418612401410392,0.0203242387106775,0.215880839216469,0.184090760128682
"Electrical equipment","Argentina","South America",2006,9,200,0.045,0.0737683823529412,0.108995815899582,3.07775,4.13760266056034,0.610017443309245,0.412859884836852,0.0334731875827931,0.453760629081471,0.307105252678984
"Electrical equipment","Argentina","South America",2007,9,200,0.045,0.0787598647125141,0.106428571428571,3.11916666666667,4.55311234908122,0.571356999713713,0.422818791946309,0.0308278138641415,0.391415271936638,0.289657311475155
"Electrical equipment","Argentina","South America",2008,9,200,0.045,0.0864713896457766,0.113611111111111,3.18316666666667,5.56801849870742,0.520403340160706,0.396088019559902,0.0257259382369604,0.297508093050716,0.226438576168844
"Machinery","Argentina","South America",2005,54,1200,0.045,0.0883522727272727,0.0970167064439141,2.92841666666667,3.95378151066347,0.509324758842444,0.463837638376384,0.0333298007602567,0.377237616321876,0.343547023826508
"Primary and fabricated metals","Argentina","South America",2018,31,700,0.0442857142857143,0.0922682926829268,0.123181818181818,28.1124303451178,63.92614147514,0.479966768626562,0.359515023721666,0.0194752730168313,0.211072216148581,0.15810184736911
"Finance and insurance","Argentina","South America",2007,255,5800,0.0439655172413793,0.16737915407855,0.0921276595744681,3.11916666666667,4.55311234908122,0.262670208147585,0.477223859202039,0.0301191284879544,0.179945517431757,0.326928184511283
"Professional services","Argentina","South America",2019,337,7700,0.0437662337662338,0.142121277051639,0.178968105065666,48.2548583333333,99.8267630626399,0.307949904997909,0.244547673733123,0.0211559840806213,0.148858668592841,0.118210918492202
"Food","Argentina","South America",2001,327,7500,0.0436,0.0778466305189775,0.129724770642202,1,2.06059852973482,0.560075621890547,0.336096181046676,0.0211589008585826,0.271802398093832,0.163106095727404
"Machinery","Argentina","South America",2008,65,1500,0.0433333333333333,0.112887225081891,0.116081330868762,3.18316666666667,5.56801849870742,0.383863925274968,0.373301486199575,0.0247731257096656,0.219450214067134,0.21341179950524
"Professional services","Argentina","South America",2002,103,2400,0.0429166666666667,0.0826434782608696,0.0891639871382637,3.14,3.1215238766912,0.519298891694725,0.481322875345594,0.0431706879897957,0.522372592469119,0.484171798226702
"Professional services","Argentina","South America",2000,184,4300,0.0427906976744186,0.0800166666666667,0.0944918032786885,1,1.95421063162881,0.534772310032309,0.452850894888885,0.0218966660921055,0.273651315460598,0.231730852119784
"Computers and electronic products","Argentina","South America",1999,21,500,0.042,0.077247167436005,0.0931327160493827,1,1.94204817638903,0.54370925684485,0.450969345484673,0.0216266519598361,0.279966925360112,0.232213263794098
"Professional services","Argentina","South America",2003,96,2300,0.0417391304347826,0.0978548256285483,0.0973633440514469,2.93,3.62678218036872,0.426541360292462,0.428694503474815,0.0337201535939718,0.344593671056875,0.346333149528574
"Food","Argentina","South America",2019,550,13300,0.0413533834586466,0.0980311614730878,0.2235,48.2548583333333,99.8267630626399,0.421839166620496,0.185026324199761,0.0199896460546242,0.203911141663989,0.089439132235455
"Transportation Equipment","Argentina","South America",2006,393,9600,0.0409375,0.0747371937639198,0.0889380530973451,3.07775,4.13760266056034,0.547752704353786,0.460292288557214,0.0304513025926798,0.407445089373699,0.342387780395305
"Transportation Equipment","Argentina","South America",1999,384,9400,0.0408510638297872,0.0620665742024965,0.0677537212449256,1,1.94204817638903,0.658181385950315,0.602934614943335,0.0210350414199014,0.338910946675953,0.310463263617078
"Electrical equipment","Argentina","South America",2004,8,200,0.04,0.0623938572719061,0.0867224080267558,2.93,3.52632076693515,0.641088750542927,0.461241804859236,0.0332357739825985,0.53267702039578,0.383243209440684
"Electrical equipment","Argentina","South America",2005,8,200,0.04,0.0653547776726585,0.100236966824645,2.92841666666667,3.95378151066347,0.612044006948466,0.399054373522459,0.0296264895646726,0.453317884624478,0.295564505822502
"Professional services","Argentina","South America",2018,331,8300,0.0398795180722892,0.1343032603841,0.157963302752294,28.1124303451178,63.92614147514,0.296936336156218,0.252460649894269,0.0175375855343949,0.130581979054257,0.111023163157686
"Finance and insurance","Argentina","South America",2008,186,4700,0.0395744680851064,0.148609625668449,0.148607594936709,3.18316666666667,5.56801849870742,0.266298147963832,0.266301786944072,0.0226242293715113,0.152239326825211,0.152241407184786
"Primary and fabricated metals","Argentina","South America",2012,31,800,0.03875,0.0893008849557522,0.110452261306533,4.552518519,12.0427547747658,0.433926270934496,0.350830300272975,0.014648649408763,0.164037001604421,0.132624259888254
"Primary and fabricated metals","Argentina","South America",2011,27,700,0.0385714285714286,0.093887987012987,0.123815789473684,4.11,9.24962419496044,0.410823895564969,0.311522696219827,0.0171389202509378,0.182546466232864,0.138422735289189
"Professional services","Argentina","South America",2014,372,9700,0.0383505154639175,0.135389170896785,0.131928251121076,8.1236,21.3297597151226,0.283261321491911,0.290692214427383,0.0146060833119371,0.107882212552082,0.110712324220326
"Professional services","Argentina","South America",2017,327,8600,0.0380232558139535,0.165590497737557,0.149614711033275,16.5567166666667,47.2745247712401,0.229622208601706,0.254141157319062,0.013316691734124,0.0804194196893446,0.0890065665478733
"Professional services","Argentina","South America",2016,341,9000,0.0378888888888889,0.143975527831094,0.143778966131907,14.7774461886724,36.5722685591162,0.263162007180404,0.263521778659393,0.015309441791917,0.106333638935343,0.106479008743682
"Machinery","Argentina","South America",2009,34,900,0.0377777777777778,0.118705450733753,0.110855106888361,3.75,7.06523643464366,0.318248046271359,0.340785182010809,0.0200512280059049,0.168915815423491,0.180877801381743
"Professional services","Argentina","South America",2015,345,9200,0.0375,0.140384714029238,0.130115894039735,9.43,25.3426007827942,0.267123099970769,0.288204606183993,0.013953777003033,0.0993966978493601,0.10724114149169
"Primary and fabricated metals","Argentina","South America",2010,26,700,0.0371428571428571,0.0861691542288557,0.116818181818182,3.89,7.76258689096076,0.431045859452326,0.317954419121734,0.0186130881773398,0.216006392820167,0.159333828755438
"Professional services","Argentina","South America",2013,314,8500,0.0369411764705882,0.137167785234899,0.132079207920792,5.49,14.8444506378925,0.269313792646915,0.279689566981215,0.0136621464660899,0.0996017136435756,0.103439039960651
"Transportation Equipment","Argentina","South America",2002,271,7500,0.0361333333333333,0.0554819840898456,0.0727195685670262,3.14,3.1215238766912,0.651262458004751,0.496885969558922,0.0363472044900493,0.655117243665799,0.49982700951461
"Computers and electronic products","Argentina","South America",2007,25,700,0.0357142857142857,0.124356869184455,0.138611898016997,3.11916666666667,4.55311234908122,0.287191901408451,0.257656710752971,0.0244665189397949,0.196744410664636,0.176510958220879
"Professional services","Argentina","South America",2005,107,3000,0.0356666666666667,0.117157178660938,0.110492753623188,2.92841666666667,3.95378151066347,0.304434325530224,0.322796432318993,0.0264169531951664,0.225483009211233,0.239083128340304
"Primary and fabricated metals","Argentina","South America",2002,39,1100,0.0354545454545455,0.0489914772727273,0.0521621621621622,3.14,3.1215238766912,0.723688025514642,0.679698539802167,0.0356643989041913,0.727971494014227,0.683721637023357
"Computers and electronic products","Argentina","South America",2006,28,800,0.035,0.127142022209234,0.129020771513353,3.07775,4.13760266056034,0.275282706628666,0.271274149034039,0.0260347014532835,0.204768659495118,0.201786899488421
"Professional services","Argentina","South America",2006,118,3400,0.0347058823529412,0.120285412262156,0.110585106382979,3.07775,4.13760266056034,0.288529437612113,0.313838666779843,0.0258159224494744,0.21462222196329,0.233448456974564
"Professional services","Argentina","South America",2011,284,8200,0.0346341463414634,0.14243106926698,0.127946859903382,4.11,9.24962419496044,0.243164265491424,0.270691647826427,0.0153894189064428,0.108048187699806,0.12027977019572
"Finance and insurance","Argentina","South America",2006,152,4400,0.0345454545454545,0.0921693548387097,0.0672727272727273,3.07775,4.13760266056034,0.374804126663432,0.513513513513513,0.0256965884473967,0.278797529746889,0.381976314758599
"Primary and fabricated metals","Argentina","South America",2009,24,700,0.0342857142857143,0.0749877350776778,0.117149321266968,3.75,7.06523643464366,0.457217626991916,0.292666777023672,0.0181977531482162,0.242676394071186,0.15533810141969
"Transportation Equipment","Argentina","South America",2005,329,9600,0.0342708333333333,0.0701270730131381,0.0795763330898466,2.92841666666667,3.95378151066347,0.488696189086814,0.430666154152133,0.0253831121530658,0.361958813656894,0.318978158046146
"Transportation Equipment","Argentina","South America",2000,281,8500,0.0330588235294118,0.0572700023057413,0.0580211267605634,1,1.95421063162881,0.577245018306864,0.569772173950294,0.0169167146029994,0.29538526142688,0.291561290645214
"Computers and electronic products","Argentina","South America",2008,23,700,0.0328571428571429,0.129664715274082,0.13640826873385,3.18316666666667,5.56801849870742,0.253400802120224,0.24087354206695,0.0187840183952409,0.144866075212025,0.137704397025161
"Machinery","Argentina","South America",1999,36,1100,0.0327272727272727,0.0653957578892913,0.0727184466019418,1,1.94204817638903,0.500449475372346,0.450054618278917,0.0168519365920801,0.257691586365721,0.231742252200834
"Transportation Equipment","Argentina","South America",2004,283,8700,0.0325287356321839,0.0703598971722365,0.0829157345264728,2.93,3.52632076693515,0.462319260537798,0.392310769698342,0.027027942635274,0.384138461275908,0.325968801815833
"Professional services","Argentina","South America",2010,222,6900,0.0321739130434783,0.133191637630662,0.117457627118644,3.89,7.76258689096076,0.241561059056094,0.273919317397578,0.0161230429362241,0.121051465565225,0.137266887913019
"Transportation Equipment","Argentina","South America",2019,297,9300,0.0319354838709677,0.070067726737338,0.0619794721407625,48.2548583333333,99.8267630626399,0.455780219482271,0.515259048970901,0.0154371653725065,0.220317770981434,0.249069003644416
"Finance and insurance","Argentina","South America",2004,95,3000,0.0316666666666667,0.107406367041199,0.103670886075949,2.93,3.52632076693515,0.294830441984134,0.305453805453806,0.0263116544028905,0.244972948324357,0.253799841004682
"Professional services","Argentina","South America",2009,222,7200,0.0308333333333333,0.140089463220676,0.131008771929825,3.75,7.06523643464366,0.22009744790558,0.235353197187814,0.0163653405048194,0.116820638244862,0.124917898731129
"Information","Argentina","South America",2003,177,5800,0.0305172413793103,0.118849878934625,0.115281690140845,2.93,3.62678218036872,0.256771329115925,0.264718892844354,0.0246542286783512,0.207440082390935,0.213860749683926
"Professional services","Argentina","South America",2012,250,8300,0.0301204819277108,0.132951146560319,0.13484693877551,4.552518519,12.0427547747658,0.226553006175433,0.223367932570236,0.0113864356072779,0.0856437563861994,0.0844397040872668
"Computers and electronic products","Argentina","South America",2005,15,500,0.03,0.121094936708861,0.112327868852459,2.92841666666667,3.95378151066347,0.247739507656928,0.26707530647986,0.0222198671735044,0.183491298458877,0.197812594510183
"Primary and fabricated metals","Argentina","South America",2008,6,200,0.03,0.0908559498956159,0.138115942028985,3.18316666666667,5.56801849870742,0.330193014705882,0.217208814270724,0.0171506254913069,0.188767224502206,0.124175567565601
"Professional services","Argentina","South America",2004,45,1500,0.03,0.111677512653651,0.104886363636364,2.93,3.52632076693515,0.268630624797669,0.28602383531961,0.0249268304869489,0.223203668264489,0.237655588607963
"Finance and insurance","Argentina","South America",2001,283,9700,0.0291752577319588,0.0914470493128537,0.07016,1,2.06059852973482,0.319039902885723,0.415838907240005,0.0141586327035346,0.154828754015845,0.201804913106252
"Professional services","Argentina","South America",2007,125,4300,0.0290697674418605,0.130275035260931,0.117780612244898,3.11916666666667,4.55311234908122,0.223141505075289,0.246812840312092,0.0199146084393679,0.152865884085009,0.16908222889825
"Finance and insurance","Argentina","South America",1999,199,6900,0.0288405797101449,0.089487895716946,0.0721929824561404,1,1.94204817638903,0.32228470095407,0.399492841671509,0.0148505995169337,0.165950929988417,0.205706967792277
"Computers and electronic products","Argentina","South America",2009,20,700,0.0285714285714286,0.132602591792657,0.123625,3.75,7.06523643464366,0.215466592207369,0.231113679040878,0.0151647942901802,0.114362729153081,0.122667699010558
"Computers and electronic products","Argentina","South America",2010,20,700,0.0285714285714286,0.185751776927283,0.147335025380711,3.89,7.76258689096076,0.153815102305124,0.193921496247078,0.0143177601364152,0.0770800709057026,0.0971782513996139
"Computers and electronic products","Argentina","South America",2011,20,700,0.0285714285714286,0.197312295973885,0.133093525179856,4.11,9.24962419496044,0.144803081989427,0.214671814671815,0.0126954964821761,0.0643421456301762,0.0953877843795936
"Computers and electronic products","Argentina","South America",2012,20,700,0.0285714285714286,0.200814455231931,0.137223476297968,4.552518519,12.0427547747658,0.142277748573577,0.208210936949216,0.0108008474903321,0.053785209226386,0.0787099101532676
"Computers and electronic products","Argentina","South America",2013,20,700,0.0285714285714286,0.226261998870695,0.151655011655012,5.49,14.8444506378925,0.126275860347882,0.18839752316543,0.0105667192867847,0.0467012549147658,0.0696760309565118
"Computers and electronic products","Argentina","South America",2004,14,500,0.028,0.0959617755856967,0.102105263157895,2.93,3.52632076693515,0.291782846129136,0.274226804123711,0.0232650417878189,0.242440718148682,0.227853502045649
"Transportation Equipment","Argentina","South America",2003,196,7200,0.0272222222222222,0.0649714034315882,0.0688974556669237,2.93,3.62678218036872,0.418987751294089,0.39511215557545,0.021992252951624,0.338491271391125,0.319202686641185
"Transportation Equipment","Argentina","South America",2009,314,12000,0.0261666666666667,0.0663640986524282,0.0822459893048128,3.75,7.06523643464366,0.394289490824106,0.318151278716948,0.01388842410409,0.209276165669461,0.168864454321511
"Professional services","Argentina","South America",2008,137,5400,0.0253703703703704,0.141074438202247,0.13440097799511,3.18316666666667,5.56801849870742,0.17983676343973,0.188766263079525,0.0145039240265991,0.102810432644119,0.107915316115682
"Primary and fabricated metals","Argentina","South America",2003,25,1000,0.025,0.0567294751009421,0.0720640569395018,2.93,3.62678218036872,0.440688018979834,0.346913580246914,0.0201969669963894,0.356022455001597,0.280264085233847
"Primary and fabricated metals","Argentina","South America",2007,8,400,0.02,0.0930344332855093,0.126769230769231,3.11916666666667,4.55311234908122,0.214974169172642,0.157766990291262,0.0137012506062851,0.147270748285615,0.108080253568997
"Information","Argentina","South America",2004,93,6300,0.0147619047619048,0.13735769922109,0.120458015267176,2.93,3.52632076693515,0.107470530196812,0.122548132053835,0.0122655832554828,0.0892966562852813,0.101824550473273
"Finance and insurance","Argentina","South America",2000,146,10300,0.0141747572815534,0.062895419187554,0.0648854961832061,1,1.95421063162881,0.2253702648723,0.218458023986294,0.00725344394925276,0.115325472712456,0.11178837145319
"Finance and insurance","Argentina","South America",2002,85,7200,0.0118055555555556,0.0809796238244514,0.0617073170731707,3.14,3.1215238766912,0.145784272610944,0.191315327184892,0.011875431971303,0.146647161476654,0.192447711787915
"Chemicals","Argentina","South America",2002,81,10700,0.00757009345794392,0.149077478660538,0.109396751740139,3.14,3.1215238766912,0.0507795914309877,0.0691985213228808,0.00761490041304444,0.0510801529611605,0.0696081034575219
